,playlist,file_name,path
0,Course 0(Pre-program Preparatory Content)|M-2(Data Structures in Python),"111247-Control Structures and Functions(Map, Filter, and Reduce 1)",C:\Users\Ashwini\Downloads\PGDM\Video\Course 0(Pre-program Preparatory Content)\M-2(Data Structures in Python)
1,Course 0(Pre-program Preparatory Content)|M-2(Data Structures in Python),"111247-Control Structures and Functions(Map, Filter, and Reduce 2)",C:\Users\Ashwini\Downloads\PGDM\Video\Course 0(Pre-program Preparatory Content)\M-2(Data Structures in Python)
2,Course 0(Pre-program Preparatory Content)|M-2(Data Structures in Python),"111247-Control Structures and Functions(Map, Filter, and Reduce 3)",C:\Users\Ashwini\Downloads\PGDM\Video\Course 0(Pre-program Preparatory Content)\M-2(Data Structures in Python)
3,Course 0(Pre-program Preparatory Content)|M-2(Data Structures in Python),221235-Introduction to Jupyter Notebook I,C:\Users\Ashwini\Downloads\PGDM\Video\Course 0(Pre-program Preparatory Content)\M-2(Data Structures in Python)
4,Course 0(Pre-program Preparatory Content)|M-2(Data Structures in Python),221235-Introduction to Jupyter Notebook II,C:\Users\Ashwini\Downloads\PGDM\Video\Course 0(Pre-program Preparatory Content)\M-2(Data Structures in Python)
5,Course 0(Pre-program Preparatory Content)|M-2(Data Structures in Python),221236-Python Basic I,C:\Users\Ashwini\Downloads\PGDM\Video\Course 0(Pre-program Preparatory Content)\M-2(Data Structures in Python)
6,Course 0(Pre-program Preparatory Content)|M-2(Data Structures in Python),221236-Python Basic II(Str),C:\Users\Ashwini\Downloads\PGDM\Video\Course 0(Pre-program Preparatory Content)\M-2(Data Structures in Python)
7,Course 0(Pre-program Preparatory Content)|M-2(Data Structures in Python),221236-Python Basic III (Array),C:\Users\Ashwini\Downloads\PGDM\Video\Course 0(Pre-program Preparatory Content)\M-2(Data Structures in Python)
8,Course 0(Pre-program Preparatory Content)|M-2(Data Structures in Python),221236-Python Basic IV (List),C:\Users\Ashwini\Downloads\PGDM\Video\Course 0(Pre-program Preparatory Content)\M-2(Data Structures in Python)
9,Course 0(Pre-program Preparatory Content)|M-2(Data Structures in Python),221236-Python Basic V (List2),C:\Users\Ashwini\Downloads\PGDM\Video\Course 0(Pre-program Preparatory Content)\M-2(Data Structures in Python)
10,Course 0(Pre-program Preparatory Content)|M-2(Data Structures in Python),221236-Python Basic VII (Sets),C:\Users\Ashwini\Downloads\PGDM\Video\Course 0(Pre-program Preparatory Content)\M-2(Data Structures in Python)
11,Course 0(Pre-program Preparatory Content)|M-2(Data Structures in Python),221238-Python Basic VI (Touples),C:\Users\Ashwini\Downloads\PGDM\Video\Course 0(Pre-program Preparatory Content)\M-2(Data Structures in Python)
12,Course 0(Pre-program Preparatory Content)|M-2(Data Structures in Python),221239-Python Basic V (Dict),C:\Users\Ashwini\Downloads\PGDM\Video\Course 0(Pre-program Preparatory Content)\M-2(Data Structures in Python)
13,Course 0(Pre-program Preparatory Content)|M-2(Data Structures in Python),221239-Python Basic VI (Dict),C:\Users\Ashwini\Downloads\PGDM\Video\Course 0(Pre-program Preparatory Content)\M-2(Data Structures in Python)
14,Course 0(Pre-program Preparatory Content)|M-2(Data Structures in Python),"221243-Control Structures and Functions(If ,Elif ,Else)",C:\Users\Ashwini\Downloads\PGDM\Video\Course 0(Pre-program Preparatory Content)\M-2(Data Structures in Python)
15,Course 0(Pre-program Preparatory Content)|M-2(Data Structures in Python),221244-Control Structures and Functions(Loops 2),C:\Users\Ashwini\Downloads\PGDM\Video\Course 0(Pre-program Preparatory Content)\M-2(Data Structures in Python)
16,Course 0(Pre-program Preparatory Content)|M-2(Data Structures in Python),221244-Control Structures and Functions(Loops),C:\Users\Ashwini\Downloads\PGDM\Video\Course 0(Pre-program Preparatory Content)\M-2(Data Structures in Python)
17,Course 0(Pre-program Preparatory Content)|M-2(Data Structures in Python),221245-Control Structures and Functions(Comprehensions 2),C:\Users\Ashwini\Downloads\PGDM\Video\Course 0(Pre-program Preparatory Content)\M-2(Data Structures in Python)
18,Course 0(Pre-program Preparatory Content)|M-2(Data Structures in Python),221245-Control Structures and Functions(Comprehensions),C:\Users\Ashwini\Downloads\PGDM\Video\Course 0(Pre-program Preparatory Content)\M-2(Data Structures in Python)
19,Course 0(Pre-program Preparatory Content)|M-2(Data Structures in Python),221246-Control Structures and Functions (Func 1),C:\Users\Ashwini\Downloads\PGDM\Video\Course 0(Pre-program Preparatory Content)\M-2(Data Structures in Python)
20,Course 0(Pre-program Preparatory Content)|M-2(Data Structures in Python),221246-Control Structures and Functions (Func 2),C:\Users\Ashwini\Downloads\PGDM\Video\Course 0(Pre-program Preparatory Content)\M-2(Data Structures in Python)
21,Course 0(Pre-program Preparatory Content)|M-2(Data Structures in Python),221246-Control Structures and Functions (Func 3),C:\Users\Ashwini\Downloads\PGDM\Video\Course 0(Pre-program Preparatory Content)\M-2(Data Structures in Python)
22,Course 0(Pre-program Preparatory Content)|M-3(Python for Data Science)|S-1(NumPy),221252-NumPy Basics 1,C:\Users\Ashwini\Downloads\PGDM\Video\Course 0(Pre-program Preparatory Content)\M-3(Python for Data Science)\S-1(NumPy)
23,Course 0(Pre-program Preparatory Content)|M-3(Python for Data Science)|S-1(NumPy),221252-NumPy Basics 2,C:\Users\Ashwini\Downloads\PGDM\Video\Course 0(Pre-program Preparatory Content)\M-3(Python for Data Science)\S-1(NumPy)
24,Course 0(Pre-program Preparatory Content)|M-3(Python for Data Science)|S-1(NumPy),221252-NumPy Basics 3,C:\Users\Ashwini\Downloads\PGDM\Video\Course 0(Pre-program Preparatory Content)\M-3(Python for Data Science)\S-1(NumPy)
25,Course 0(Pre-program Preparatory Content)|M-3(Python for Data Science)|S-1(NumPy),221253-Creating NumPy Arrays,C:\Users\Ashwini\Downloads\PGDM\Video\Course 0(Pre-program Preparatory Content)\M-3(Python for Data Science)\S-1(NumPy)
26,Course 0(Pre-program Preparatory Content)|M-3(Python for Data Science)|S-1(NumPy),221254-Structure and Content of Arrays,C:\Users\Ashwini\Downloads\PGDM\Video\Course 0(Pre-program Preparatory Content)\M-3(Python for Data Science)\S-1(NumPy)
27,Course 0(Pre-program Preparatory Content)|M-3(Python for Data Science)|S-1(NumPy),"221255-Subset, Slice, Index and Iterate through Arrays",C:\Users\Ashwini\Downloads\PGDM\Video\Course 0(Pre-program Preparatory Content)\M-3(Python for Data Science)\S-1(NumPy)
28,Course 0(Pre-program Preparatory Content)|M-3(Python for Data Science)|S-1(NumPy),221256-Multidimensional Arrays,C:\Users\Ashwini\Downloads\PGDM\Video\Course 0(Pre-program Preparatory Content)\M-3(Python for Data Science)\S-1(NumPy)
29,Course 0(Pre-program Preparatory Content)|M-3(Python for Data Science)|S-1(NumPy),221257-Computation Times in NumPy and Standard Python Lists,C:\Users\Ashwini\Downloads\PGDM\Video\Course 0(Pre-program Preparatory Content)\M-3(Python for Data Science)\S-1(NumPy)
30,Course 0(Pre-program Preparatory Content)|M-3(Python for Data Science)|S-1(NumPy),221260-Basic Array Operations,C:\Users\Ashwini\Downloads\PGDM\Video\Course 0(Pre-program Preparatory Content)\M-3(Python for Data Science)\S-1(NumPy)
31,Course 0(Pre-program Preparatory Content)|M-3(Python for Data Science)|S-1(NumPy),221261-Operations on Arrays,C:\Users\Ashwini\Downloads\PGDM\Video\Course 0(Pre-program Preparatory Content)\M-3(Python for Data Science)\S-1(NumPy)
32,Course 0(Pre-program Preparatory Content)|M-3(Python for Data Science)|S-1(NumPy),221262-Basic Linear Algebra Operations,C:\Users\Ashwini\Downloads\PGDM\Video\Course 0(Pre-program Preparatory Content)\M-3(Python for Data Science)\S-1(NumPy)
33,Course 0(Pre-program Preparatory Content)|M-3(Python for Data Science)|S-2(Panda),221265-Pandas Basics 1,C:\Users\Ashwini\Downloads\PGDM\Video\Course 0(Pre-program Preparatory Content)\M-3(Python for Data Science)\S-2(Panda)
34,Course 0(Pre-program Preparatory Content)|M-3(Python for Data Science)|S-2(Panda),221265-Pandas Basics 2,C:\Users\Ashwini\Downloads\PGDM\Video\Course 0(Pre-program Preparatory Content)\M-3(Python for Data Science)\S-2(Panda)
35,Course 0(Pre-program Preparatory Content)|M-3(Python for Data Science)|S-2(Panda),221265-Pandas Basics 3,C:\Users\Ashwini\Downloads\PGDM\Video\Course 0(Pre-program Preparatory Content)\M-3(Python for Data Science)\S-2(Panda)
36,Course 0(Pre-program Preparatory Content)|M-3(Python for Data Science)|S-2(Panda),221266-Indexing and Selecting Data 1,C:\Users\Ashwini\Downloads\PGDM\Video\Course 0(Pre-program Preparatory Content)\M-3(Python for Data Science)\S-2(Panda)
37,Course 0(Pre-program Preparatory Content)|M-3(Python for Data Science)|S-2(Panda),221266-Indexing and Selecting Data 2,C:\Users\Ashwini\Downloads\PGDM\Video\Course 0(Pre-program Preparatory Content)\M-3(Python for Data Science)\S-2(Panda)
38,Course 0(Pre-program Preparatory Content)|M-3(Python for Data Science)|S-2(Panda),221266-Indexing and Selecting Data 3,C:\Users\Ashwini\Downloads\PGDM\Video\Course 0(Pre-program Preparatory Content)\M-3(Python for Data Science)\S-2(Panda)
39,Course 0(Pre-program Preparatory Content)|M-3(Python for Data Science)|S-2(Panda),221267-Merge and Append 1,C:\Users\Ashwini\Downloads\PGDM\Video\Course 0(Pre-program Preparatory Content)\M-3(Python for Data Science)\S-2(Panda)
40,Course 0(Pre-program Preparatory Content)|M-3(Python for Data Science)|S-2(Panda),221267-Merge and Append 2,C:\Users\Ashwini\Downloads\PGDM\Video\Course 0(Pre-program Preparatory Content)\M-3(Python for Data Science)\S-2(Panda)
41,Course 0(Pre-program Preparatory Content)|M-3(Python for Data Science)|S-2(Panda),221268-Grouping and Summarizing Dataframes 1,C:\Users\Ashwini\Downloads\PGDM\Video\Course 0(Pre-program Preparatory Content)\M-3(Python for Data Science)\S-2(Panda)
42,Course 0(Pre-program Preparatory Content)|M-3(Python for Data Science)|S-2(Panda),221268-Grouping and Summarizing Dataframes 2,C:\Users\Ashwini\Downloads\PGDM\Video\Course 0(Pre-program Preparatory Content)\M-3(Python for Data Science)\S-2(Panda)
43,Course 0(Pre-program Preparatory Content)|M-3(Python for Data Science)|S-2(Panda),221269-Lambda function & Pivot tables 1,C:\Users\Ashwini\Downloads\PGDM\Video\Course 0(Pre-program Preparatory Content)\M-3(Python for Data Science)\S-2(Panda)
44,Course 0(Pre-program Preparatory Content)|M-3(Python for Data Science)|S-2(Panda),221269-Lambda function & Pivot tables 2,C:\Users\Ashwini\Downloads\PGDM\Video\Course 0(Pre-program Preparatory Content)\M-3(Python for Data Science)\S-2(Panda)
45,Course 0(Pre-program Preparatory Content)|M-3(Python for Data Science)|S-2(Panda),221269-Lambda function & Pivot tables 3,C:\Users\Ashwini\Downloads\PGDM\Video\Course 0(Pre-program Preparatory Content)\M-3(Python for Data Science)\S-2(Panda)
46,Course 0(Pre-program Preparatory Content)|M-3(Python for Data Science)|S-3(Cleaning Data),221272-Reading Delimited and Relational Databases,C:\Users\Ashwini\Downloads\PGDM\Video\Course 0(Pre-program Preparatory Content)\M-3(Python for Data Science)\S-3(Cleaning Data)
47,Course 0(Pre-program Preparatory Content)|M-3(Python for Data Science)|S-3(Cleaning Data),221273-Reading Data From Websites,C:\Users\Ashwini\Downloads\PGDM\Video\Course 0(Pre-program Preparatory Content)\M-3(Python for Data Science)\S-3(Cleaning Data)
48,Course 0(Pre-program Preparatory Content)|M-3(Python for Data Science)|S-3(Cleaning Data),221274-Getting Data From APIs,C:\Users\Ashwini\Downloads\PGDM\Video\Course 0(Pre-program Preparatory Content)\M-3(Python for Data Science)\S-3(Cleaning Data)
49,Course 0(Pre-program Preparatory Content)|M-3(Python for Data Science)|S-3(Cleaning Data),221275-Reading Data From PDF Files,C:\Users\Ashwini\Downloads\PGDM\Video\Course 0(Pre-program Preparatory Content)\M-3(Python for Data Science)\S-3(Cleaning Data)
50,Course 0(Pre-program Preparatory Content)|M-3(Python for Data Science)|S-3(Cleaning Data),221276-Cleaning Datasets 1,C:\Users\Ashwini\Downloads\PGDM\Video\Course 0(Pre-program Preparatory Content)\M-3(Python for Data Science)\S-3(Cleaning Data)
51,Course 0(Pre-program Preparatory Content)|M-3(Python for Data Science)|S-3(Cleaning Data),221276-Cleaning Datasets 2,C:\Users\Ashwini\Downloads\PGDM\Video\Course 0(Pre-program Preparatory Content)\M-3(Python for Data Science)\S-3(Cleaning Data)
52,Course 0(Pre-program Preparatory Content)|M-3(Python for Data Science)|S-3(Cleaning Data),221276-Cleaning Datasets 3,C:\Users\Ashwini\Downloads\PGDM\Video\Course 0(Pre-program Preparatory Content)\M-3(Python for Data Science)\S-3(Cleaning Data)
53,Course 0(Pre-program Preparatory Content)|M-3(Python for Data Science)|S-3(Cleaning Data),221276-Cleaning Datasets 4,C:\Users\Ashwini\Downloads\PGDM\Video\Course 0(Pre-program Preparatory Content)\M-3(Python for Data Science)\S-3(Cleaning Data)
54,Course 0(Pre-program Preparatory Content)|M-5(Data Visualisation in Python),221313-Data Visualisation Examples 1,C:\Users\Ashwini\Downloads\PGDM\Video\Course 0(Pre-program Preparatory Content)\M-5(Data Visualisation in Python)
55,Course 0(Pre-program Preparatory Content)|M-5(Data Visualisation in Python),221313-Data Visualisation Examples 2,C:\Users\Ashwini\Downloads\PGDM\Video\Course 0(Pre-program Preparatory Content)\M-5(Data Visualisation in Python)
56,Course 0(Pre-program Preparatory Content)|M-5(Data Visualisation in Python),221313-Data Visualisation Examples 3,C:\Users\Ashwini\Downloads\PGDM\Video\Course 0(Pre-program Preparatory Content)\M-5(Data Visualisation in Python)
57,Course 0(Pre-program Preparatory Content)|M-5(Data Visualisation in Python),221314-Visualisations - The World of Imagery,C:\Users\Ashwini\Downloads\PGDM\Video\Course 0(Pre-program Preparatory Content)\M-5(Data Visualisation in Python)
58,Course 0(Pre-program Preparatory Content)|M-5(Data Visualisation in Python),221315-Understanding Basic Chart Types I,C:\Users\Ashwini\Downloads\PGDM\Video\Course 0(Pre-program Preparatory Content)\M-5(Data Visualisation in Python)
59,Course 0(Pre-program Preparatory Content)|M-5(Data Visualisation in Python),221316-Understanding Basic Chart Types II,C:\Users\Ashwini\Downloads\PGDM\Video\Course 0(Pre-program Preparatory Content)\M-5(Data Visualisation in Python)
60,Course 0(Pre-program Preparatory Content)|M-5(Data Visualisation in Python),221319-Data Visualisation Toolkit,C:\Users\Ashwini\Downloads\PGDM\Video\Course 0(Pre-program Preparatory Content)\M-5(Data Visualisation in Python)
61,Course 0(Pre-program Preparatory Content)|M-5(Data Visualisation in Python),221320-Components of a Plot,C:\Users\Ashwini\Downloads\PGDM\Video\Course 0(Pre-program Preparatory Content)\M-5(Data Visualisation in Python)
62,Course 0(Pre-program Preparatory Content)|M-5(Data Visualisation in Python),221321-Sub-Plots,C:\Users\Ashwini\Downloads\PGDM\Video\Course 0(Pre-program Preparatory Content)\M-5(Data Visualisation in Python)
63,Course 0(Pre-program Preparatory Content)|M-5(Data Visualisation in Python),221322-Functionalities of Plots,C:\Users\Ashwini\Downloads\PGDM\Video\Course 0(Pre-program Preparatory Content)\M-5(Data Visualisation in Python)
64,Course 0(Pre-program Preparatory Content)|M-5(Data Visualisation in Python),221325-Univariate Distributions,C:\Users\Ashwini\Downloads\PGDM\Video\Course 0(Pre-program Preparatory Content)\M-5(Data Visualisation in Python)
65,Course 0(Pre-program Preparatory Content)|M-5(Data Visualisation in Python),221326-Univariate Distributions - Rug Plots,C:\Users\Ashwini\Downloads\PGDM\Video\Course 0(Pre-program Preparatory Content)\M-5(Data Visualisation in Python)
66,Course 0(Pre-program Preparatory Content)|M-5(Data Visualisation in Python),221327-Bivariate Distributions,C:\Users\Ashwini\Downloads\PGDM\Video\Course 0(Pre-program Preparatory Content)\M-5(Data Visualisation in Python)
67,Course 0(Pre-program Preparatory Content)|M-5(Data Visualisation in Python),221328-Bivariate Distributions - Plotting Pairwise Relationships,C:\Users\Ashwini\Downloads\PGDM\Video\Course 0(Pre-program Preparatory Content)\M-5(Data Visualisation in Python)
68,Course 0(Pre-program Preparatory Content)|M-5(Data Visualisation in Python),221331-Plotting Distributions Across Categories 1,C:\Users\Ashwini\Downloads\PGDM\Video\Course 0(Pre-program Preparatory Content)\M-5(Data Visualisation in Python)
69,Course 0(Pre-program Preparatory Content)|M-5(Data Visualisation in Python),221331-Plotting Distributions Across Categories 2,C:\Users\Ashwini\Downloads\PGDM\Video\Course 0(Pre-program Preparatory Content)\M-5(Data Visualisation in Python)
70,Course 0(Pre-program Preparatory Content)|M-5(Data Visualisation in Python),221332-Plotting Aggregate Values Across Categories 1,C:\Users\Ashwini\Downloads\PGDM\Video\Course 0(Pre-program Preparatory Content)\M-5(Data Visualisation in Python)
71,Course 0(Pre-program Preparatory Content)|M-5(Data Visualisation in Python),221332-Plotting Aggregate Values Across Categories 2,C:\Users\Ashwini\Downloads\PGDM\Video\Course 0(Pre-program Preparatory Content)\M-5(Data Visualisation in Python)
72,Course 0(Pre-program Preparatory Content)|M-5(Data Visualisation in Python),221333-Time Series Data 1,C:\Users\Ashwini\Downloads\PGDM\Video\Course 0(Pre-program Preparatory Content)\M-5(Data Visualisation in Python)
73,Course 0(Pre-program Preparatory Content)|M-5(Data Visualisation in Python),221333-Time Series Data 2,C:\Users\Ashwini\Downloads\PGDM\Video\Course 0(Pre-program Preparatory Content)\M-5(Data Visualisation in Python)
74,Course 0(Pre-program Preparatory Content)|M-6(Data Analysis using SQL),221337-An introduction to RDBMS and SQL 1,C:\Users\Ashwini\Downloads\PGDM\Video\Course 0(Pre-program Preparatory Content)\M-6(Data Analysis using SQL)
75,Course 0(Pre-program Preparatory Content)|M-6(Data Analysis using SQL),221337-An introduction to RDBMS and SQL 2,C:\Users\Ashwini\Downloads\PGDM\Video\Course 0(Pre-program Preparatory Content)\M-6(Data Analysis using SQL)
76,Course 0(Pre-program Preparatory Content)|M-6(Data Analysis using SQL),221338-Basics of SQL 1,C:\Users\Ashwini\Downloads\PGDM\Video\Course 0(Pre-program Preparatory Content)\M-6(Data Analysis using SQL)
77,Course 0(Pre-program Preparatory Content)|M-6(Data Analysis using SQL),221338-Basics of SQL 2,C:\Users\Ashwini\Downloads\PGDM\Video\Course 0(Pre-program Preparatory Content)\M-6(Data Analysis using SQL)
78,Course 0(Pre-program Preparatory Content)|M-6(Data Analysis using SQL),221338-Basics of SQL 3,C:\Users\Ashwini\Downloads\PGDM\Video\Course 0(Pre-program Preparatory Content)\M-6(Data Analysis using SQL)
79,Course 0(Pre-program Preparatory Content)|M-6(Data Analysis using SQL),221339-Data Retrieval with SQL 1,C:\Users\Ashwini\Downloads\PGDM\Video\Course 0(Pre-program Preparatory Content)\M-6(Data Analysis using SQL)
80,Course 0(Pre-program Preparatory Content)|M-6(Data Analysis using SQL),221339-Data Retrieval with SQL 2,C:\Users\Ashwini\Downloads\PGDM\Video\Course 0(Pre-program Preparatory Content)\M-6(Data Analysis using SQL)
81,Course 0(Pre-program Preparatory Content)|M-6(Data Analysis using SQL),221340-Compound Functions and Relational Operators,C:\Users\Ashwini\Downloads\PGDM\Video\Course 0(Pre-program Preparatory Content)\M-6(Data Analysis using SQL)
82,Course 0(Pre-program Preparatory Content)|M-6(Data Analysis using SQL),221341-Pattern Matching with Wildcards,C:\Users\Ashwini\Downloads\PGDM\Video\Course 0(Pre-program Preparatory Content)\M-6(Data Analysis using SQL)
83,Course 0(Pre-program Preparatory Content)|M-6(Data Analysis using SQL),221342-Basics of Sorting,C:\Users\Ashwini\Downloads\PGDM\Video\Course 0(Pre-program Preparatory Content)\M-6(Data Analysis using SQL)
84,Course 0(Pre-program Preparatory Content)|M-6(Data Analysis using SQL),221346-Order by Clause,C:\Users\Ashwini\Downloads\PGDM\Video\Course 0(Pre-program Preparatory Content)\M-6(Data Analysis using SQL)
85,Course 0(Pre-program Preparatory Content)|M-6(Data Analysis using SQL),221347-Aggregate Functions,C:\Users\Ashwini\Downloads\PGDM\Video\Course 0(Pre-program Preparatory Content)\M-6(Data Analysis using SQL)
86,Course 0(Pre-program Preparatory Content)|M-6(Data Analysis using SQL),221348-Group by Clause,C:\Users\Ashwini\Downloads\PGDM\Video\Course 0(Pre-program Preparatory Content)\M-6(Data Analysis using SQL)
87,Course 0(Pre-program Preparatory Content)|M-6(Data Analysis using SQL),221349-Having Clause,C:\Users\Ashwini\Downloads\PGDM\Video\Course 0(Pre-program Preparatory Content)\M-6(Data Analysis using SQL)
88,Course 0(Pre-program Preparatory Content)|M-6(Data Analysis using SQL),221350-Nested Queries,C:\Users\Ashwini\Downloads\PGDM\Video\Course 0(Pre-program Preparatory Content)\M-6(Data Analysis using SQL)
89,Course 0(Pre-program Preparatory Content)|M-6(Data Analysis using SQL),221351-Inner Join,C:\Users\Ashwini\Downloads\PGDM\Video\Course 0(Pre-program Preparatory Content)\M-6(Data Analysis using SQL)
90,Course 0(Pre-program Preparatory Content)|M-6(Data Analysis using SQL),221352-Multi Join,C:\Users\Ashwini\Downloads\PGDM\Video\Course 0(Pre-program Preparatory Content)\M-6(Data Analysis using SQL)
91,Course 0(Pre-program Preparatory Content)|M-6(Data Analysis using SQL),221353-Outer Join,C:\Users\Ashwini\Downloads\PGDM\Video\Course 0(Pre-program Preparatory Content)\M-6(Data Analysis using SQL)
92,Course 0(Pre-program Preparatory Content)|M-7(Advanced SQL)|S-1(Database design),1-221391 -Defining Data Warehouse,C:\Users\Ashwini\Downloads\PGDM\Video\Course 0(Pre-program Preparatory Content)\M-7(Advanced SQL)\S-1(Database design)
93,Course 0(Pre-program Preparatory Content)|M-7(Advanced SQL)|S-1(Database design),2-221388-Star Schema,C:\Users\Ashwini\Downloads\PGDM\Video\Course 0(Pre-program Preparatory Content)\M-7(Advanced SQL)\S-1(Database design)
94,Course 0(Pre-program Preparatory Content)|M-7(Advanced SQL)|S-1(Database design),3-221387-Structure of Data Warehouse,C:\Users\Ashwini\Downloads\PGDM\Video\Course 0(Pre-program Preparatory Content)\M-7(Advanced SQL)\S-1(Database design)
95,Course 0(Pre-program Preparatory Content)|M-7(Advanced SQL)|S-1(Database design),4-221385-OLAP vs. OLTP,C:\Users\Ashwini\Downloads\PGDM\Video\Course 0(Pre-program Preparatory Content)\M-7(Advanced SQL)\S-1(Database design)
96,Course 0(Pre-program Preparatory Content)|M-7(Advanced SQL)|S-1(Database design),6-221389-How to Use a Star Schema - A Demonstration,C:\Users\Ashwini\Downloads\PGDM\Video\Course 0(Pre-program Preparatory Content)\M-7(Advanced SQL)\S-1(Database design)
97,Course 0(Pre-program Preparatory Content)|M-7(Advanced SQL)|S-1(Database design),7-221390-Data Warehouse Schema- Industry Example,C:\Users\Ashwini\Downloads\PGDM\Video\Course 0(Pre-program Preparatory Content)\M-7(Advanced SQL)\S-1(Database design)
98,Course 0(Pre-program Preparatory Content)|M-7(Advanced SQL)|S-2(Updating Table),221358-Adding and Deleting Columns,C:\Users\Ashwini\Downloads\PGDM\Video\Course 0(Pre-program Preparatory Content)\M-7(Advanced SQL)\S-2(Updating Table)
99,Course 0(Pre-program Preparatory Content)|M-7(Advanced SQL)|S-2(Updating Table),221360-Changing Constraints (Primary key),C:\Users\Ashwini\Downloads\PGDM\Video\Course 0(Pre-program Preparatory Content)\M-7(Advanced SQL)\S-2(Updating Table)
100,Course 0(Pre-program Preparatory Content)|M-7(Advanced SQL)|S-2(Updating Table),221361-Changing Constraints (Foreign key),C:\Users\Ashwini\Downloads\PGDM\Video\Course 0(Pre-program Preparatory Content)\M-7(Advanced SQL)\S-2(Updating Table)
101,Course 0(Pre-program Preparatory Content)|M-7(Advanced SQL)|S-2(Updating Table),221362-String Manipulation,C:\Users\Ashwini\Downloads\PGDM\Video\Course 0(Pre-program Preparatory Content)\M-7(Advanced SQL)\S-2(Updating Table)
102,Course 0(Pre-program Preparatory Content)|M-7(Advanced SQL)|S-3(Window Functions),221367-Introduction to Windowing Functions,C:\Users\Ashwini\Downloads\PGDM\Video\Course 0(Pre-program Preparatory Content)\M-7(Advanced SQL)\S-3(Window Functions)
103,Course 0(Pre-program Preparatory Content)|M-7(Advanced SQL)|S-3(Window Functions),221368-Frames,C:\Users\Ashwini\Downloads\PGDM\Video\Course 0(Pre-program Preparatory Content)\M-7(Advanced SQL)\S-3(Window Functions)
104,Course 0(Pre-program Preparatory Content)|M-7(Advanced SQL)|S-3(Window Functions),221369-Named Windows,C:\Users\Ashwini\Downloads\PGDM\Video\Course 0(Pre-program Preparatory Content)\M-7(Advanced SQL)\S-3(Window Functions)
105,Course 0(Pre-program Preparatory Content)|M-7(Advanced SQL)|S-3(Window Functions),221373-Introduction to User defined Functions,C:\Users\Ashwini\Downloads\PGDM\Video\Course 0(Pre-program Preparatory Content)\M-7(Advanced SQL)\S-3(Window Functions)
106,Course 0(Pre-program Preparatory Content)|M-7(Advanced SQL)|S-3(Window Functions),221374-User defined functions (Application),C:\Users\Ashwini\Downloads\PGDM\Video\Course 0(Pre-program Preparatory Content)\M-7(Advanced SQL)\S-3(Window Functions)
107,Course 0(Pre-program Preparatory Content)|M-7(Advanced SQL)|S-3(Window Functions),221375-Introduction to Stored Procedures,C:\Users\Ashwini\Downloads\PGDM\Video\Course 0(Pre-program Preparatory Content)\M-7(Advanced SQL)\S-3(Window Functions)
108,Course 0(Pre-program Preparatory Content)|M-7(Advanced SQL)|S-3(Window Functions),221376-Stored Procedures (Application),C:\Users\Ashwini\Downloads\PGDM\Video\Course 0(Pre-program Preparatory Content)\M-7(Advanced SQL)\S-3(Window Functions)
109,Course 0(Pre-program Preparatory Content)|M-7(Advanced SQL)|S-3(Window Functions),221379-Optimisation in Select Clause,C:\Users\Ashwini\Downloads\PGDM\Video\Course 0(Pre-program Preparatory Content)\M-7(Advanced SQL)\S-3(Window Functions)
110,Course 0(Pre-program Preparatory Content)|M-7(Advanced SQL)|S-3(Window Functions),221380-Optimisation in Where Clause,C:\Users\Ashwini\Downloads\PGDM\Video\Course 0(Pre-program Preparatory Content)\M-7(Advanced SQL)\S-3(Window Functions)
111,Course 0(Pre-program Preparatory Content)|M-7(Advanced SQL)|S-3(Window Functions),221381-Optimisation in Group by and Order by,C:\Users\Ashwini\Downloads\PGDM\Video\Course 0(Pre-program Preparatory Content)\M-7(Advanced SQL)\S-3(Window Functions)
112,Course 0(Pre-program Preparatory Content)|M-7(Advanced SQL)|S-3(Window Functions),221383-Optimisation in Joins,C:\Users\Ashwini\Downloads\PGDM\Video\Course 0(Pre-program Preparatory Content)\M-7(Advanced SQL)\S-3(Window Functions)
113,Course 0(Pre-program Preparatory Content)|M-7(Advanced SQL)|S-3(Window Functions),221383-Optimisation in Window Function,C:\Users\Ashwini\Downloads\PGDM\Video\Course 0(Pre-program Preparatory Content)\M-7(Advanced SQL)\S-3(Window Functions)
114,Course 1 (Statistics Essential)|M-1 (Intro),278019-Deep Learning,C:\Users\Ashwini\Downloads\PGDM\Video\Course 1 (Statistics Essential)\M-1 (Intro)
115,Course 1 (Statistics Essential)|M-1 (Intro),278020-Graphical Models,C:\Users\Ashwini\Downloads\PGDM\Video\Course 1 (Statistics Essential)\M-1 (Intro)
116,Course 1 (Statistics Essential)|M-1 (Intro),278021-Reinforcement Learning,C:\Users\Ashwini\Downloads\PGDM\Video\Course 1 (Statistics Essential)\M-1 (Intro)
117,Course 1 (Statistics Essential)|M-1 (Intro),697988-ML vs AI,C:\Users\Ashwini\Downloads\PGDM\Video\Course 1 (Statistics Essential)\M-1 (Intro)
118,Course 1 (Statistics Essential)|M-1 (Intro),Succeeding with PGDML & AI,C:\Users\Ashwini\Downloads\PGDM\Video\Course 1 (Statistics Essential)\M-1 (Intro)
119,Course 1 (Statistics Essential)|M-2 (Analytics Problem Solving),278063-The CRISP-DM Framework lifecycle,C:\Users\Ashwini\Downloads\PGDM\Video\Course 1 (Statistics Essential)\M-2 (Analytics Problem Solving)
120,Course 1 (Statistics Essential)|M-2 (Analytics Problem Solving),278063-The CRISP-DM Framework,C:\Users\Ashwini\Downloads\PGDM\Video\Course 1 (Statistics Essential)\M-2 (Analytics Problem Solving)
121,Course 1 (Statistics Essential)|M-2 (Analytics Problem Solving),278065-The CRISP-DM Framework(Understanding Raw Data),C:\Users\Ashwini\Downloads\PGDM\Video\Course 1 (Statistics Essential)\M-2 (Analytics Problem Solving)
122,Course 1 (Statistics Essential)|M-2 (Analytics Problem Solving),278066-The CRISP-DM Framework(Preparing Data for Analysis),C:\Users\Ashwini\Downloads\PGDM\Video\Course 1 (Statistics Essential)\M-2 (Analytics Problem Solving)
123,Course 1 (Statistics Essential)|M-2 (Analytics Problem Solving),278067-The CRISP-DM Framework(Modelling),C:\Users\Ashwini\Downloads\PGDM\Video\Course 1 (Statistics Essential)\M-2 (Analytics Problem Solving)
124,Course 1 (Statistics Essential)|M-2 (Analytics Problem Solving),278068-The CRISP-DM Framework(Model Evaluation and Deployment),C:\Users\Ashwini\Downloads\PGDM\Video\Course 1 (Statistics Essential)\M-2 (Analytics Problem Solving)
125,Course 1 (Statistics Essential)|M-3 (Inferential Statistics)|S-1(Basic of Probablity),278077-Basics of Probability (Introduction- Inferential Statistics),C:\Users\Ashwini\Downloads\PGDM\Video\Course 1 (Statistics Essential)\M-3 (Inferential Statistics)\S-1(Basic of Probablity)
126,Course 1 (Statistics Essential)|M-3 (Inferential Statistics)|S-1(Basic of Probablity),278079-Basics of Probability(Random Variables),C:\Users\Ashwini\Downloads\PGDM\Video\Course 1 (Statistics Essential)\M-3 (Inferential Statistics)\S-1(Basic of Probablity)
127,Course 1 (Statistics Essential)|M-3 (Inferential Statistics)|S-1(Basic of Probablity),278079-Basics of Probability(Random Variables-2),C:\Users\Ashwini\Downloads\PGDM\Video\Course 1 (Statistics Essential)\M-3 (Inferential Statistics)\S-1(Basic of Probablity)
128,Course 1 (Statistics Essential)|M-3 (Inferential Statistics)|S-1(Basic of Probablity),278080-Basics of Probability(Probability Distributions - I),C:\Users\Ashwini\Downloads\PGDM\Video\Course 1 (Statistics Essential)\M-3 (Inferential Statistics)\S-1(Basic of Probablity)
129,Course 1 (Statistics Essential)|M-3 (Inferential Statistics)|S-1(Basic of Probablity),278082-Basics of Probability(Expected Value - I) 1,C:\Users\Ashwini\Downloads\PGDM\Video\Course 1 (Statistics Essential)\M-3 (Inferential Statistics)\S-1(Basic of Probablity)
130,Course 1 (Statistics Essential)|M-3 (Inferential Statistics)|S-1(Basic of Probablity),278082-Basics of Probability(Expected Value - I) 2,C:\Users\Ashwini\Downloads\PGDM\Video\Course 1 (Statistics Essential)\M-3 (Inferential Statistics)\S-1(Basic of Probablity)
131,Course 1 (Statistics Essential)|M-3 (Inferential Statistics)|S-2 (Discrete Probability Distributions),"Counting, permutations, and combinations",C:\Users\Ashwini\Downloads\PGDM\Video\Course 1 (Statistics Essential)\M-3 (Inferential Statistics)\S-2 (Discrete Probability Distributions)
132,Course 1 (Statistics Essential)|M-3 (Inferential Statistics)|S-4(Exploratory Data Analysis),278197-Power Law,C:\Users\Ashwini\Downloads\PGDM\Video\Course 1 (Statistics Essential)\M-3 (Inferential Statistics)\S-4(Exploratory Data Analysis)
133,Course 1 (Statistics Essential)|M-3 (Inferential Statistics)|S-4(Exploratory Data Analysis),278198-Election Data Case Study I,C:\Users\Ashwini\Downloads\PGDM\Video\Course 1 (Statistics Essential)\M-3 (Inferential Statistics)\S-4(Exploratory Data Analysis)
134,Course 1 (Statistics Essential)|M-3 (Inferential Statistics)|S-4(Exploratory Data Analysis),278198-Election Data Case Study II,C:\Users\Ashwini\Downloads\PGDM\Video\Course 1 (Statistics Essential)\M-3 (Inferential Statistics)\S-4(Exploratory Data Analysis)
135,Course 1 (Statistics Essential)|M-4 (Hypothesis Testing)|S-1(Concepts of Hypothesis Testing),278119-Understanding Hypothesis Testing 1,C:\Users\Ashwini\Downloads\PGDM\Video\Course 1 (Statistics Essential)\M-4 (Hypothesis Testing)\S-1(Concepts of Hypothesis Testing)
136,Course 1 (Statistics Essential)|M-4 (Hypothesis Testing)|S-1(Concepts of Hypothesis Testing),278119-Understanding Hypothesis Testing 2,C:\Users\Ashwini\Downloads\PGDM\Video\Course 1 (Statistics Essential)\M-4 (Hypothesis Testing)\S-1(Concepts of Hypothesis Testing)
137,Course 1 (Statistics Essential)|M-4 (Hypothesis Testing)|S-1(Concepts of Hypothesis Testing),278120-Null and Alternate Hypotheses 1,C:\Users\Ashwini\Downloads\PGDM\Video\Course 1 (Statistics Essential)\M-4 (Hypothesis Testing)\S-1(Concepts of Hypothesis Testing)
138,Course 1 (Statistics Essential)|M-4 (Hypothesis Testing)|S-1(Concepts of Hypothesis Testing),278120-Null and Alternate Hypotheses 2,C:\Users\Ashwini\Downloads\PGDM\Video\Course 1 (Statistics Essential)\M-4 (Hypothesis Testing)\S-1(Concepts of Hypothesis Testing)
139,Course 1 (Statistics Essential)|M-4 (Hypothesis Testing)|S-1(Concepts of Hypothesis Testing),278121-Making a Decision 1,C:\Users\Ashwini\Downloads\PGDM\Video\Course 1 (Statistics Essential)\M-4 (Hypothesis Testing)\S-1(Concepts of Hypothesis Testing)
140,Course 1 (Statistics Essential)|M-4 (Hypothesis Testing)|S-1(Concepts of Hypothesis Testing),278121-Making a Decision 2,C:\Users\Ashwini\Downloads\PGDM\Video\Course 1 (Statistics Essential)\M-4 (Hypothesis Testing)\S-1(Concepts of Hypothesis Testing)
141,Course 1 (Statistics Essential)|M-4 (Hypothesis Testing)|S-1(Concepts of Hypothesis Testing),278122-Critical Value Method 1,C:\Users\Ashwini\Downloads\PGDM\Video\Course 1 (Statistics Essential)\M-4 (Hypothesis Testing)\S-1(Concepts of Hypothesis Testing)
142,Course 1 (Statistics Essential)|M-4 (Hypothesis Testing)|S-1(Concepts of Hypothesis Testing),278122-Critical Value Method 2,C:\Users\Ashwini\Downloads\PGDM\Video\Course 1 (Statistics Essential)\M-4 (Hypothesis Testing)\S-1(Concepts of Hypothesis Testing)
143,Course 1 (Statistics Essential)|M-4 (Hypothesis Testing)|S-1(Concepts of Hypothesis Testing),278123-Critical Value Method - Examples 1,C:\Users\Ashwini\Downloads\PGDM\Video\Course 1 (Statistics Essential)\M-4 (Hypothesis Testing)\S-1(Concepts of Hypothesis Testing)
144,Course 1 (Statistics Essential)|M-4 (Hypothesis Testing)|S-1(Concepts of Hypothesis Testing),278123-Critical Value Method - Examples 2,C:\Users\Ashwini\Downloads\PGDM\Video\Course 1 (Statistics Essential)\M-4 (Hypothesis Testing)\S-1(Concepts of Hypothesis Testing)
145,Course 1 (Statistics Essential)|M-4 (Hypothesis Testing)|S-1(Concepts of Hypothesis Testing),278123-Critical Value Method - Examples 3,C:\Users\Ashwini\Downloads\PGDM\Video\Course 1 (Statistics Essential)\M-4 (Hypothesis Testing)\S-1(Concepts of Hypothesis Testing)
146,Course 1 (Statistics Essential)|M-4 (Hypothesis Testing)|S-1(Concepts of Hypothesis Testing),278127-p-value Method,C:\Users\Ashwini\Downloads\PGDM\Video\Course 1 (Statistics Essential)\M-4 (Hypothesis Testing)\S-1(Concepts of Hypothesis Testing)
147,Course 1 (Statistics Essential)|M-4 (Hypothesis Testing)|S-1(Concepts of Hypothesis Testing),278128- pvalue Method Examples,C:\Users\Ashwini\Downloads\PGDM\Video\Course 1 (Statistics Essential)\M-4 (Hypothesis Testing)\S-1(Concepts of Hypothesis Testing)
148,Course 1 (Statistics Essential)|M-4 (Hypothesis Testing)|S-1(Concepts of Hypothesis Testing),278129-Types of Errors,C:\Users\Ashwini\Downloads\PGDM\Video\Course 1 (Statistics Essential)\M-4 (Hypothesis Testing)\S-1(Concepts of Hypothesis Testing)
149,Course 1 (Statistics Essential)|M-4 (Hypothesis Testing)|S-1(Concepts of Hypothesis Testing),278130-Summary,C:\Users\Ashwini\Downloads\PGDM\Video\Course 1 (Statistics Essential)\M-4 (Hypothesis Testing)\S-1(Concepts of Hypothesis Testing)
150,Course 1 (Statistics Essential)|M-4 (Hypothesis Testing)|S-2(Industry Demonstration of Hypothesis Testing),278135-T Distribution,C:\Users\Ashwini\Downloads\PGDM\Video\Course 1 (Statistics Essential)\M-4 (Hypothesis Testing)\S-2(Industry Demonstration of Hypothesis Testing)
151,Course 1 (Statistics Essential)|M-4 (Hypothesis Testing)|S-2(Industry Demonstration of Hypothesis Testing),278136-Two Sample Mean Test 1,C:\Users\Ashwini\Downloads\PGDM\Video\Course 1 (Statistics Essential)\M-4 (Hypothesis Testing)\S-2(Industry Demonstration of Hypothesis Testing)
152,Course 1 (Statistics Essential)|M-4 (Hypothesis Testing)|S-2(Industry Demonstration of Hypothesis Testing),278136-Two Sample Mean Test 2,C:\Users\Ashwini\Downloads\PGDM\Video\Course 1 (Statistics Essential)\M-4 (Hypothesis Testing)\S-2(Industry Demonstration of Hypothesis Testing)
153,Course 1 (Statistics Essential)|M-4 (Hypothesis Testing)|S-2(Industry Demonstration of Hypothesis Testing),278137-Two-Sample Proportion Test,C:\Users\Ashwini\Downloads\PGDM\Video\Course 1 (Statistics Essential)\M-4 (Hypothesis Testing)\S-2(Industry Demonstration of Hypothesis Testing)
154,Course 1 (Statistics Essential)|M-4 (Hypothesis Testing)|S-2(Industry Demonstration of Hypothesis Testing),278138-A B Testing Demonstration 1,C:\Users\Ashwini\Downloads\PGDM\Video\Course 1 (Statistics Essential)\M-4 (Hypothesis Testing)\S-2(Industry Demonstration of Hypothesis Testing)
155,Course 1 (Statistics Essential)|M-4 (Hypothesis Testing)|S-2(Industry Demonstration of Hypothesis Testing),278138-A B Testing Demonstration 2,C:\Users\Ashwini\Downloads\PGDM\Video\Course 1 (Statistics Essential)\M-4 (Hypothesis Testing)\S-2(Industry Demonstration of Hypothesis Testing)
156,Course 1 (Statistics Essential)|M-4 (Hypothesis Testing)|S-2(Industry Demonstration of Hypothesis Testing),278140-Industry Relevance 1,C:\Users\Ashwini\Downloads\PGDM\Video\Course 1 (Statistics Essential)\M-4 (Hypothesis Testing)\S-2(Industry Demonstration of Hypothesis Testing)
157,Course 1 (Statistics Essential)|M-4 (Hypothesis Testing)|S-2(Industry Demonstration of Hypothesis Testing),278140-Industry Relevance 2,C:\Users\Ashwini\Downloads\PGDM\Video\Course 1 (Statistics Essential)\M-4 (Hypothesis Testing)\S-2(Industry Demonstration of Hypothesis Testing)
158,Course 1 (Statistics Essential)|M-5 (Exploratory Data Analysis)|S-1(Data Sourcing),278142-Introduction to EDA,C:\Users\Ashwini\Downloads\PGDM\Video\Course 1 (Statistics Essential)\M-5 (Exploratory Data Analysis)\S-1(Data Sourcing)
159,Course 1 (Statistics Essential)|M-5 (Exploratory Data Analysis)|S-1(Data Sourcing),278144-Public and Private Data,C:\Users\Ashwini\Downloads\PGDM\Video\Course 1 (Statistics Essential)\M-5 (Exploratory Data Analysis)\S-1(Data Sourcing)
160,Course 1 (Statistics Essential)|M-5 (Exploratory Data Analysis)|S-1(Data Sourcing),278145-Private Data 1,C:\Users\Ashwini\Downloads\PGDM\Video\Course 1 (Statistics Essential)\M-5 (Exploratory Data Analysis)\S-1(Data Sourcing)
161,Course 1 (Statistics Essential)|M-5 (Exploratory Data Analysis)|S-1(Data Sourcing),278145-Private Data 2,C:\Users\Ashwini\Downloads\PGDM\Video\Course 1 (Statistics Essential)\M-5 (Exploratory Data Analysis)\S-1(Data Sourcing)
162,Course 1 (Statistics Essential)|M-5 (Exploratory Data Analysis)|S-1(Data Sourcing),278146-Public Data 1,C:\Users\Ashwini\Downloads\PGDM\Video\Course 1 (Statistics Essential)\M-5 (Exploratory Data Analysis)\S-1(Data Sourcing)
163,Course 1 (Statistics Essential)|M-5 (Exploratory Data Analysis)|S-1(Data Sourcing),278146-Public Data 2,C:\Users\Ashwini\Downloads\PGDM\Video\Course 1 (Statistics Essential)\M-5 (Exploratory Data Analysis)\S-1(Data Sourcing)
164,Course 1 (Statistics Essential)|M-5 (Exploratory Data Analysis)|S-2(Data Cleaning),278150-Fixing Rows and Columns,C:\Users\Ashwini\Downloads\PGDM\Video\Course 1 (Statistics Essential)\M-5 (Exploratory Data Analysis)\S-2(Data Cleaning)
165,Course 1 (Statistics Essential)|M-5 (Exploratory Data Analysis)|S-2(Data Cleaning),278151-Missing Values,C:\Users\Ashwini\Downloads\PGDM\Video\Course 1 (Statistics Essential)\M-5 (Exploratory Data Analysis)\S-2(Data Cleaning)
166,Course 1 (Statistics Essential)|M-5 (Exploratory Data Analysis)|S-2(Data Cleaning),278152-Standardising Values 1,C:\Users\Ashwini\Downloads\PGDM\Video\Course 1 (Statistics Essential)\M-5 (Exploratory Data Analysis)\S-2(Data Cleaning)
167,Course 1 (Statistics Essential)|M-5 (Exploratory Data Analysis)|S-2(Data Cleaning),278152-Standardising Values 2,C:\Users\Ashwini\Downloads\PGDM\Video\Course 1 (Statistics Essential)\M-5 (Exploratory Data Analysis)\S-2(Data Cleaning)
168,Course 1 (Statistics Essential)|M-5 (Exploratory Data Analysis)|S-2(Data Cleaning),278153-Invalid Values,C:\Users\Ashwini\Downloads\PGDM\Video\Course 1 (Statistics Essential)\M-5 (Exploratory Data Analysis)\S-2(Data Cleaning)
169,Course 1 (Statistics Essential)|M-5 (Exploratory Data Analysis)|S-2(Data Cleaning),278154-Filtering Data,C:\Users\Ashwini\Downloads\PGDM\Video\Course 1 (Statistics Essential)\M-5 (Exploratory Data Analysis)\S-2(Data Cleaning)
170,Course 1 (Statistics Essential)|M-5 (Exploratory Data Analysis)|S-3(Univariate Analysis),278157-Data Description,C:\Users\Ashwini\Downloads\PGDM\Video\Course 1 (Statistics Essential)\M-5 (Exploratory Data Analysis)\S-3(Univariate Analysis)
171,Course 1 (Statistics Essential)|M-5 (Exploratory Data Analysis)|S-3(Univariate Analysis),278158-Unordered Categorical Variables  Univariate Analysis 1,C:\Users\Ashwini\Downloads\PGDM\Video\Course 1 (Statistics Essential)\M-5 (Exploratory Data Analysis)\S-3(Univariate Analysis)
172,Course 1 (Statistics Essential)|M-5 (Exploratory Data Analysis)|S-3(Univariate Analysis),278158-Unordered Categorical Variables  Univariate Analysis 2,C:\Users\Ashwini\Downloads\PGDM\Video\Course 1 (Statistics Essential)\M-5 (Exploratory Data Analysis)\S-3(Univariate Analysis)
173,Course 1 (Statistics Essential)|M-5 (Exploratory Data Analysis)|S-3(Univariate Analysis),278159-Ordered Categorical Variables  Univariate Analysis 1,C:\Users\Ashwini\Downloads\PGDM\Video\Course 1 (Statistics Essential)\M-5 (Exploratory Data Analysis)\S-3(Univariate Analysis)
174,Course 1 (Statistics Essential)|M-5 (Exploratory Data Analysis)|S-3(Univariate Analysis),278159-Ordered Categorical Variables  Univariate Analysis 2,C:\Users\Ashwini\Downloads\PGDM\Video\Course 1 (Statistics Essential)\M-5 (Exploratory Data Analysis)\S-3(Univariate Analysis)
175,Course 1 (Statistics Essential)|M-5 (Exploratory Data Analysis)|S-3(Univariate Analysis),278160-Quantitative Variables  Univariate Analysis 1,C:\Users\Ashwini\Downloads\PGDM\Video\Course 1 (Statistics Essential)\M-5 (Exploratory Data Analysis)\S-3(Univariate Analysis)
176,Course 1 (Statistics Essential)|M-5 (Exploratory Data Analysis)|S-3(Univariate Analysis),278160-Quantitative Variables  Univariate Analysis 2,C:\Users\Ashwini\Downloads\PGDM\Video\Course 1 (Statistics Essential)\M-5 (Exploratory Data Analysis)\S-3(Univariate Analysis)
177,Course 1 (Statistics Essential)|M-5 (Exploratory Data Analysis)|S-3(Univariate Analysis),278161-Quantitative Variables Summary Metrics,C:\Users\Ashwini\Downloads\PGDM\Video\Course 1 (Statistics Essential)\M-5 (Exploratory Data Analysis)\S-3(Univariate Analysis)
178,Course 1 (Statistics Essential)|M-5 (Exploratory Data Analysis)|S-3(Univariate Analysis),278162-Summary,C:\Users\Ashwini\Downloads\PGDM\Video\Course 1 (Statistics Essential)\M-5 (Exploratory Data Analysis)\S-3(Univariate Analysis)
179,Course 1 (Statistics Essential)|M-5 (Exploratory Data Analysis)|S-4(Segmented Univariate),278165-Introduction to Segmented Univariate Analysis,C:\Users\Ashwini\Downloads\PGDM\Video\Course 1 (Statistics Essential)\M-5 (Exploratory Data Analysis)\S-4(Segmented Univariate)
180,Course 1 (Statistics Essential)|M-5 (Exploratory Data Analysis)|S-4(Segmented Univariate),278166-Basis of Segmentation,C:\Users\Ashwini\Downloads\PGDM\Video\Course 1 (Statistics Essential)\M-5 (Exploratory Data Analysis)\S-4(Segmented Univariate)
181,Course 1 (Statistics Essential)|M-5 (Exploratory Data Analysis)|S-4(Segmented Univariate),278167-Quick way of Segmentation,C:\Users\Ashwini\Downloads\PGDM\Video\Course 1 (Statistics Essential)\M-5 (Exploratory Data Analysis)\S-4(Segmented Univariate)
182,Course 1 (Statistics Essential)|M-5 (Exploratory Data Analysis)|S-4(Segmented Univariate),278168-Comparison of Averages,C:\Users\Ashwini\Downloads\PGDM\Video\Course 1 (Statistics Essential)\M-5 (Exploratory Data Analysis)\S-4(Segmented Univariate)
183,Course 1 (Statistics Essential)|M-5 (Exploratory Data Analysis)|S-4(Segmented Univariate),278169-Comparison of Other Metrics,C:\Users\Ashwini\Downloads\PGDM\Video\Course 1 (Statistics Essential)\M-5 (Exploratory Data Analysis)\S-4(Segmented Univariate)
184,Course 1 (Statistics Essential)|M-5 (Exploratory Data Analysis)|S-5(Bivariate Analysis),278172-Bivariate Analysis on Continuous Variables,C:\Users\Ashwini\Downloads\PGDM\Video\Course 1 (Statistics Essential)\M-5 (Exploratory Data Analysis)\S-5(Bivariate Analysis)
185,Course 1 (Statistics Essential)|M-5 (Exploratory Data Analysis)|S-5(Bivariate Analysis),278173-Business Problems Involving Correlation 1,C:\Users\Ashwini\Downloads\PGDM\Video\Course 1 (Statistics Essential)\M-5 (Exploratory Data Analysis)\S-5(Bivariate Analysis)
186,Course 1 (Statistics Essential)|M-5 (Exploratory Data Analysis)|S-5(Bivariate Analysis),278173-Business Problems Involving Correlation 2,C:\Users\Ashwini\Downloads\PGDM\Video\Course 1 (Statistics Essential)\M-5 (Exploratory Data Analysis)\S-5(Bivariate Analysis)
187,Course 1 (Statistics Essential)|M-5 (Exploratory Data Analysis)|S-5(Bivariate Analysis),278175-Bivariate Analysis on categorical variables,C:\Users\Ashwini\Downloads\PGDM\Video\Course 1 (Statistics Essential)\M-5 (Exploratory Data Analysis)\S-5(Bivariate Analysis)
188,Course 1 (Statistics Essential)|M-5 (Exploratory Data Analysis)|S-5(Bivariate Analysis),278176-Summary,C:\Users\Ashwini\Downloads\PGDM\Video\Course 1 (Statistics Essential)\M-5 (Exploratory Data Analysis)\S-5(Bivariate Analysis)
189,Course 1 (Statistics Essential)|M-5 (Exploratory Data Analysis)|S-6(Derived Metrics),278179-What are Derived Metrics,C:\Users\Ashwini\Downloads\PGDM\Video\Course 1 (Statistics Essential)\M-5 (Exploratory Data Analysis)\S-6(Derived Metrics)
190,Course 1 (Statistics Essential)|M-5 (Exploratory Data Analysis)|S-6(Derived Metrics),278180-Types of Derived Metrics  Type Driven Metrics 1,C:\Users\Ashwini\Downloads\PGDM\Video\Course 1 (Statistics Essential)\M-5 (Exploratory Data Analysis)\S-6(Derived Metrics)
191,Course 1 (Statistics Essential)|M-5 (Exploratory Data Analysis)|S-6(Derived Metrics),278180-Types of Derived Metrics  Type Driven Metrics 2,C:\Users\Ashwini\Downloads\PGDM\Video\Course 1 (Statistics Essential)\M-5 (Exploratory Data Analysis)\S-6(Derived Metrics)
192,Course 1 (Statistics Essential)|M-5 (Exploratory Data Analysis)|S-6(Derived Metrics),278181-Types of Derived Metrics Business Driven Metrics,C:\Users\Ashwini\Downloads\PGDM\Video\Course 1 (Statistics Essential)\M-5 (Exploratory Data Analysis)\S-6(Derived Metrics)
193,Course 1 (Statistics Essential)|M-5 (Exploratory Data Analysis)|S-6(Derived Metrics),278183-Types of Derived Metrics Data Driven Metrics,C:\Users\Ashwini\Downloads\PGDM\Video\Course 1 (Statistics Essential)\M-5 (Exploratory Data Analysis)\S-6(Derived Metrics)
194,Course 1 (Statistics Essential)|M-5 (Exploratory Data Analysis)|S-6(Derived Metrics),278184-Summary,C:\Users\Ashwini\Downloads\PGDM\Video\Course 1 (Statistics Essential)\M-5 (Exploratory Data Analysis)\S-6(Derived Metrics)
195,Course 1 (Statistics Essential)|M-5 (Exploratory Data Analysis)|S-6(Derived Metrics),278186-Module Summary,C:\Users\Ashwini\Downloads\PGDM\Video\Course 1 (Statistics Essential)\M-5 (Exploratory Data Analysis)\S-6(Derived Metrics)
