course_type,playlist,file_name,id,title,status,playlist_id,playlist_title,video_count
5,ML & AI |Course 5(AI-2)|M-1(Introduction to Neural Networks-DL)|S-1(Structure of Neural Networks),431887 Neural Networks Inspiration from the Human Brain 1,KQtLkuTfjew,431887 Neural Networks Inspiration from the Human Brain 1,unlisted,PLMCuzyPpc7o61XSDE8CqQ3o5JJbLhD_x-,ML & AI |Course 5(AI-2)|M-1(Introduction to Neural Networks-DL)|S-1(Structure of Neural Networks),22
5,ML & AI |Course 5(AI-2)|M-1(Introduction to Neural Networks-DL)|S-1(Structure of Neural Networks),431887 Neural Networks Inspiration from the Human Brain 2,ZgubvcO15tQ,431887 Neural Networks Inspiration from the Human Brain 2,unlisted,PLMCuzyPpc7o61XSDE8CqQ3o5JJbLhD_x-,ML & AI |Course 5(AI-2)|M-1(Introduction to Neural Networks-DL)|S-1(Structure of Neural Networks),22
5,ML & AI |Course 5(AI-2)|M-1(Introduction to Neural Networks-DL)|S-1(Structure of Neural Networks),431887 Neural Networks Inspiration from the Human Brain 3,3t2TJ52hpNE,431887 Neural Networks Inspiration from the Human Brain 3,unlisted,PLMCuzyPpc7o61XSDE8CqQ3o5JJbLhD_x-,ML & AI |Course 5(AI-2)|M-1(Introduction to Neural Networks-DL)|S-1(Structure of Neural Networks),22
5,ML & AI |Course 5(AI-2)|M-1(Introduction to Neural Networks-DL)|S-1(Structure of Neural Networks),431888 Introduction to Perceptron 1,zKb9hBxfwaQ,431888 Introduction to Perceptron 1,unlisted,PLMCuzyPpc7o61XSDE8CqQ3o5JJbLhD_x-,ML & AI |Course 5(AI-2)|M-1(Introduction to Neural Networks-DL)|S-1(Structure of Neural Networks),22
5,ML & AI |Course 5(AI-2)|M-1(Introduction to Neural Networks-DL)|S-1(Structure of Neural Networks),431888 Introduction to Perceptron 2,qsz5WpyV8us,431888 Introduction to Perceptron 2,unlisted,PLMCuzyPpc7o61XSDE8CqQ3o5JJbLhD_x-,ML & AI |Course 5(AI-2)|M-1(Introduction to Neural Networks-DL)|S-1(Structure of Neural Networks),22
5,ML & AI |Course 5(AI-2)|M-1(Introduction to Neural Networks-DL)|S-1(Structure of Neural Networks),431889 Binary Classification using Perceptron 1,VuFJvO8dJPs,431889 Binary Classification using Perceptron 1,unlisted,PLMCuzyPpc7o61XSDE8CqQ3o5JJbLhD_x-,ML & AI |Course 5(AI-2)|M-1(Introduction to Neural Networks-DL)|S-1(Structure of Neural Networks),22
5,ML & AI |Course 5(AI-2)|M-1(Introduction to Neural Networks-DL)|S-1(Structure of Neural Networks),431889 Binary Classification using Perceptron 2,QI2Ju0pvNdo,431889 Binary Classification using Perceptron 2,unlisted,PLMCuzyPpc7o61XSDE8CqQ3o5JJbLhD_x-,ML & AI |Course 5(AI-2)|M-1(Introduction to Neural Networks-DL)|S-1(Structure of Neural Networks),22
5,ML & AI |Course 5(AI-2)|M-1(Introduction to Neural Networks-DL)|S-1(Structure of Neural Networks),431889 Binary Classification using Perceptron 3,hjC06E4BN_c,431889 Binary Classification using Perceptron 3,unlisted,PLMCuzyPpc7o61XSDE8CqQ3o5JJbLhD_x-,ML & AI |Course 5(AI-2)|M-1(Introduction to Neural Networks-DL)|S-1(Structure of Neural Networks),22
5,ML & AI |Course 5(AI-2)|M-1(Introduction to Neural Networks-DL)|S-1(Structure of Neural Networks),431890 Perceptrons Training,Wlb2xeDXeA8,431890 Perceptrons Training,unlisted,PLMCuzyPpc7o61XSDE8CqQ3o5JJbLhD_x-,ML & AI |Course 5(AI-2)|M-1(Introduction to Neural Networks-DL)|S-1(Structure of Neural Networks),22
5,ML & AI |Course 5(AI-2)|M-1(Introduction to Neural Networks-DL)|S-1(Structure of Neural Networks),431891 Multiclass Classification using Perceptrons,7WLW_qdvTN0,431891 Multiclass Classification using Perceptrons,unlisted,PLMCuzyPpc7o61XSDE8CqQ3o5JJbLhD_x-,ML & AI |Course 5(AI-2)|M-1(Introduction to Neural Networks-DL)|S-1(Structure of Neural Networks),22
5,ML & AI |Course 5(AI-2)|M-1(Introduction to Neural Networks-DL)|S-1(Structure of Neural Networks),431892 Working of a Neuron 1,bOblyHJqUQw,431892 Working of a Neuron 1,unlisted,PLMCuzyPpc7o61XSDE8CqQ3o5JJbLhD_x-,ML & AI |Course 5(AI-2)|M-1(Introduction to Neural Networks-DL)|S-1(Structure of Neural Networks),22
5,ML & AI |Course 5(AI-2)|M-1(Introduction to Neural Networks-DL)|S-1(Structure of Neural Networks),431892 Working of a Neuron 2,IRnqNlb2Kh4,431892 Working of a Neuron 2,unlisted,PLMCuzyPpc7o61XSDE8CqQ3o5JJbLhD_x-,ML & AI |Course 5(AI-2)|M-1(Introduction to Neural Networks-DL)|S-1(Structure of Neural Networks),22
5,ML & AI |Course 5(AI-2)|M-1(Introduction to Neural Networks-DL)|S-1(Structure of Neural Networks),431892 Working of a Neuron 3,IkS62jgEjI4,431892 Working of a Neuron 3,unlisted,PLMCuzyPpc7o61XSDE8CqQ3o5JJbLhD_x-,ML & AI |Course 5(AI-2)|M-1(Introduction to Neural Networks-DL)|S-1(Structure of Neural Networks),22
5,ML & AI |Course 5(AI-2)|M-1(Introduction to Neural Networks-DL)|S-1(Structure of Neural Networks),431893 Inputs and Outputs of a Neural Network I 1,ROcbRkslHmI,431893 Inputs and Outputs of a Neural Network I 1,unlisted,PLMCuzyPpc7o61XSDE8CqQ3o5JJbLhD_x-,ML & AI |Course 5(AI-2)|M-1(Introduction to Neural Networks-DL)|S-1(Structure of Neural Networks),22
5,ML & AI |Course 5(AI-2)|M-1(Introduction to Neural Networks-DL)|S-1(Structure of Neural Networks),431893 Inputs and Outputs of a Neural Network I 2,JjFAPIaa71g,431893 Inputs and Outputs of a Neural Network I 2,unlisted,PLMCuzyPpc7o61XSDE8CqQ3o5JJbLhD_x-,ML & AI |Course 5(AI-2)|M-1(Introduction to Neural Networks-DL)|S-1(Structure of Neural Networks),22
5,ML & AI |Course 5(AI-2)|M-1(Introduction to Neural Networks-DL)|S-1(Structure of Neural Networks),431894 Inputs and Outputs of a Neural Network II 1,XjeEAPXToBc,431894 Inputs and Outputs of a Neural Network II 1,unlisted,PLMCuzyPpc7o61XSDE8CqQ3o5JJbLhD_x-,ML & AI |Course 5(AI-2)|M-1(Introduction to Neural Networks-DL)|S-1(Structure of Neural Networks),22
5,ML & AI |Course 5(AI-2)|M-1(Introduction to Neural Networks-DL)|S-1(Structure of Neural Networks),431894 Inputs and Outputs of a Neural Network II 2,56gM4FZR2S4,431894 Inputs and Outputs of a Neural Network II 2,unlisted,PLMCuzyPpc7o61XSDE8CqQ3o5JJbLhD_x-,ML & AI |Course 5(AI-2)|M-1(Introduction to Neural Networks-DL)|S-1(Structure of Neural Networks),22
5,ML & AI |Course 5(AI-2)|M-1(Introduction to Neural Networks-DL)|S-1(Structure of Neural Networks),431895 Assumptions made to Simplify Neural Networks,T67r33g3Ncc,431895 Assumptions made to Simplify Neural Networks,unlisted,PLMCuzyPpc7o61XSDE8CqQ3o5JJbLhD_x-,ML & AI |Course 5(AI-2)|M-1(Introduction to Neural Networks-DL)|S-1(Structure of Neural Networks),22
5,ML & AI |Course 5(AI-2)|M-1(Introduction to Neural Networks-DL)|S-1(Structure of Neural Networks),431896 Parameters and Hyperparameters of Neural Networks 1,SmM2fKdLKn0,431896 Parameters and Hyperparameters of Neural Networks 1,unlisted,PLMCuzyPpc7o61XSDE8CqQ3o5JJbLhD_x-,ML & AI |Course 5(AI-2)|M-1(Introduction to Neural Networks-DL)|S-1(Structure of Neural Networks),22
5,ML & AI |Course 5(AI-2)|M-1(Introduction to Neural Networks-DL)|S-1(Structure of Neural Networks),431896 Parameters and Hyperparameters of Neural Networks 2,yqKkz60JdHA,431896 Parameters and Hyperparameters of Neural Networks 2,unlisted,PLMCuzyPpc7o61XSDE8CqQ3o5JJbLhD_x-,ML & AI |Course 5(AI-2)|M-1(Introduction to Neural Networks-DL)|S-1(Structure of Neural Networks),22
5,ML & AI |Course 5(AI-2)|M-1(Introduction to Neural Networks-DL)|S-1(Structure of Neural Networks),431896 Parameters and Hyperparameters of Neural Networks 3,0oPKCXmSrVc,431896 Parameters and Hyperparameters of Neural Networks 3,unlisted,PLMCuzyPpc7o61XSDE8CqQ3o5JJbLhD_x-,ML & AI |Course 5(AI-2)|M-1(Introduction to Neural Networks-DL)|S-1(Structure of Neural Networks),22
5,ML & AI |Course 5(AI-2)|M-1(Introduction to Neural Networks-DL)|S-1(Structure of Neural Networks),431897 Activation Functions,RQHeoNp2KxM,431897 Activation Functions,unlisted,PLMCuzyPpc7o61XSDE8CqQ3o5JJbLhD_x-,ML & AI |Course 5(AI-2)|M-1(Introduction to Neural Networks-DL)|S-1(Structure of Neural Networks),22
5,ML & AI |Course 5(AI-2)|M-1(Introduction to Neural Networks-DL)|S-2(Feed Forward in Neural Networks),431901 Flow of Information in Neural Networks Between 2 Layers,MAs6S4pjcUA,431901 Flow of Information in Neural Networks Between 2 Layers,unlisted,PLMCuzyPpc7o64zZ6Mu9xFFlRI0GjEUxC5,ML & AI |Course 5(AI-2)|M-1(Introduction to Neural Networks-DL)|S-2(Feed Forward in Neural Networks),7
5,ML & AI |Course 5(AI-2)|M-1(Introduction to Neural Networks-DL)|S-2(Feed Forward in Neural Networks),431902 Information Flow Image Recognition,vK3oPNuwCGk,431902 Information Flow Image Recognition,unlisted,PLMCuzyPpc7o64zZ6Mu9xFFlRI0GjEUxC5,ML & AI |Course 5(AI-2)|M-1(Introduction to Neural Networks-DL)|S-2(Feed Forward in Neural Networks),7
5,ML & AI |Course 5(AI-2)|M-1(Introduction to Neural Networks-DL)|S-2(Feed Forward in Neural Networks),431905 Feedforward Algorithm 1,FBSQZZ0qtzM,431905 Feedforward Algorithm 1,unlisted,PLMCuzyPpc7o64zZ6Mu9xFFlRI0GjEUxC5,ML & AI |Course 5(AI-2)|M-1(Introduction to Neural Networks-DL)|S-2(Feed Forward in Neural Networks),7
5,ML & AI |Course 5(AI-2)|M-1(Introduction to Neural Networks-DL)|S-2(Feed Forward in Neural Networks),431905 Feedforward Algorithm 2,sNeEuMkc3KU,431905 Feedforward Algorithm 2,unlisted,PLMCuzyPpc7o64zZ6Mu9xFFlRI0GjEUxC5,ML & AI |Course 5(AI-2)|M-1(Introduction to Neural Networks-DL)|S-2(Feed Forward in Neural Networks),7
5,ML & AI |Course 5(AI-2)|M-1(Introduction to Neural Networks-DL)|S-2(Feed Forward in Neural Networks),431906 Vectorized Feedforward Implementation,m_PbmVnEXB8,431906 Vectorized Feedforward Implementation,unlisted,PLMCuzyPpc7o64zZ6Mu9xFFlRI0GjEUxC5,ML & AI |Course 5(AI-2)|M-1(Introduction to Neural Networks-DL)|S-2(Feed Forward in Neural Networks),7
5,ML & AI |Course 5(AI-2)|M-1(Introduction to Neural Networks-DL)|S-2(Feed Forward in Neural Networks),431907 Understanding Vectorized Feedforward Implementation 1,WGNXKVv2WOs,431907 Understanding Vectorized Feedforward Implementation 1,unlisted,PLMCuzyPpc7o64zZ6Mu9xFFlRI0GjEUxC5,ML & AI |Course 5(AI-2)|M-1(Introduction to Neural Networks-DL)|S-2(Feed Forward in Neural Networks),7
5,ML & AI |Course 5(AI-2)|M-1(Introduction to Neural Networks-DL)|S-2(Feed Forward in Neural Networks),431907 Understanding Vectorized Feedforward Implementation 2,O6tdwPX33fY,431907 Understanding Vectorized Feedforward Implementation 2,unlisted,PLMCuzyPpc7o64zZ6Mu9xFFlRI0GjEUxC5,ML & AI |Course 5(AI-2)|M-1(Introduction to Neural Networks-DL)|S-2(Feed Forward in Neural Networks),7
5,ML & AI |Course 5(AI-2)|M-1(Introduction to Neural Networks-DL)|S-3(Backpropagation in Neural Networks),431911 What Does Training a Network Mean,FN382rsY35A,431911 What Does Training a Network Mean,unlisted,PLMCuzyPpc7o4tL7MrDaxFLq8mMz37lI-i,ML & AI |Course 5(AI-2)|M-1(Introduction to Neural Networks-DL)|S-3(Backpropagation in Neural Networks),18
5,ML & AI |Course 5(AI-2)|M-1(Introduction to Neural Networks-DL)|S-3(Backpropagation in Neural Networks),431912 Complexity of the Loss Function,cqBR_HpZro4,431912 Complexity of the Loss Function,unlisted,PLMCuzyPpc7o4tL7MrDaxFLq8mMz37lI-i,ML & AI |Course 5(AI-2)|M-1(Introduction to Neural Networks-DL)|S-3(Backpropagation in Neural Networks),18
5,ML & AI |Course 5(AI-2)|M-1(Introduction to Neural Networks-DL)|S-3(Backpropagation in Neural Networks),431914 Updating the Weights and Biases I 1,-dnB7MXLLPw,431914 Updating the Weights and Biases I 1,unlisted,PLMCuzyPpc7o4tL7MrDaxFLq8mMz37lI-i,ML & AI |Course 5(AI-2)|M-1(Introduction to Neural Networks-DL)|S-3(Backpropagation in Neural Networks),18
5,ML & AI |Course 5(AI-2)|M-1(Introduction to Neural Networks-DL)|S-3(Backpropagation in Neural Networks),431914 Updating the Weights and Biases I 2,X4lrvRekBgc,431914 Updating the Weights and Biases I 2,unlisted,PLMCuzyPpc7o4tL7MrDaxFLq8mMz37lI-i,ML & AI |Course 5(AI-2)|M-1(Introduction to Neural Networks-DL)|S-3(Backpropagation in Neural Networks),18
5,ML & AI |Course 5(AI-2)|M-1(Introduction to Neural Networks-DL)|S-3(Backpropagation in Neural Networks),431915 Updating the Weights and Biases II 1,bL5XmK9Qjnk,431915 Updating the Weights and Biases II 1,unlisted,PLMCuzyPpc7o4tL7MrDaxFLq8mMz37lI-i,ML & AI |Course 5(AI-2)|M-1(Introduction to Neural Networks-DL)|S-3(Backpropagation in Neural Networks),18
5,ML & AI |Course 5(AI-2)|M-1(Introduction to Neural Networks-DL)|S-3(Backpropagation in Neural Networks),431915 Updating the Weights and Biases II 2,RM6ASrkY42M,431915 Updating the Weights and Biases II 2,unlisted,PLMCuzyPpc7o4tL7MrDaxFLq8mMz37lI-i,ML & AI |Course 5(AI-2)|M-1(Introduction to Neural Networks-DL)|S-3(Backpropagation in Neural Networks),18
5,ML & AI |Course 5(AI-2)|M-1(Introduction to Neural Networks-DL)|S-3(Backpropagation in Neural Networks),431916 Updating the Weights and Biases III 1,yylmyEGoecw,431916 Updating the Weights and Biases III 1,unlisted,PLMCuzyPpc7o4tL7MrDaxFLq8mMz37lI-i,ML & AI |Course 5(AI-2)|M-1(Introduction to Neural Networks-DL)|S-3(Backpropagation in Neural Networks),18
5,ML & AI |Course 5(AI-2)|M-1(Introduction to Neural Networks-DL)|S-3(Backpropagation in Neural Networks),431916 Updating the Weights and Biases III 2,ixgv_dBngjY,431916 Updating the Weights and Biases III 2,unlisted,PLMCuzyPpc7o4tL7MrDaxFLq8mMz37lI-i,ML & AI |Course 5(AI-2)|M-1(Introduction to Neural Networks-DL)|S-3(Backpropagation in Neural Networks),18
5,ML & AI |Course 5(AI-2)|M-1(Introduction to Neural Networks-DL)|S-3(Backpropagation in Neural Networks),431918 Updating the Weights and Biases IV 1,QvnwM5iW-V0,431918 Updating the Weights and Biases IV 1,unlisted,PLMCuzyPpc7o4tL7MrDaxFLq8mMz37lI-i,ML & AI |Course 5(AI-2)|M-1(Introduction to Neural Networks-DL)|S-3(Backpropagation in Neural Networks),18
5,ML & AI |Course 5(AI-2)|M-1(Introduction to Neural Networks-DL)|S-3(Backpropagation in Neural Networks),431918 Updating the Weights and Biases IV 2,hKim-0h1I20,431918 Updating the Weights and Biases IV 2,unlisted,PLMCuzyPpc7o4tL7MrDaxFLq8mMz37lI-i,ML & AI |Course 5(AI-2)|M-1(Introduction to Neural Networks-DL)|S-3(Backpropagation in Neural Networks),18
5,ML & AI |Course 5(AI-2)|M-1(Introduction to Neural Networks-DL)|S-3(Backpropagation in Neural Networks),431918 Updating the Weights and Biases IV 3,BqgLGGt-vZo,431918 Updating the Weights and Biases IV 3,unlisted,PLMCuzyPpc7o4tL7MrDaxFLq8mMz37lI-i,ML & AI |Course 5(AI-2)|M-1(Introduction to Neural Networks-DL)|S-3(Backpropagation in Neural Networks),18
5,ML & AI |Course 5(AI-2)|M-1(Introduction to Neural Networks-DL)|S-3(Backpropagation in Neural Networks),431919 Updating the Weights and Biases V 1,QcKb6qmLJBQ,431919 Updating the Weights and Biases V 1,unlisted,PLMCuzyPpc7o4tL7MrDaxFLq8mMz37lI-i,ML & AI |Course 5(AI-2)|M-1(Introduction to Neural Networks-DL)|S-3(Backpropagation in Neural Networks),18
5,ML & AI |Course 5(AI-2)|M-1(Introduction to Neural Networks-DL)|S-3(Backpropagation in Neural Networks),431919 Updating the Weights and Biases V 2,KCZ0tkJVh0k,431919 Updating the Weights and Biases V 2,unlisted,PLMCuzyPpc7o4tL7MrDaxFLq8mMz37lI-i,ML & AI |Course 5(AI-2)|M-1(Introduction to Neural Networks-DL)|S-3(Backpropagation in Neural Networks),18
5,ML & AI |Course 5(AI-2)|M-1(Introduction to Neural Networks-DL)|S-3(Backpropagation in Neural Networks),431920 Updating the Weights and Biases VI,gVfbhRZE-zg,431920 Updating the Weights and Biases VI,unlisted,PLMCuzyPpc7o4tL7MrDaxFLq8mMz37lI-i,ML & AI |Course 5(AI-2)|M-1(Introduction to Neural Networks-DL)|S-3(Backpropagation in Neural Networks),18
5,ML & AI |Course 5(AI-2)|M-1(Introduction to Neural Networks-DL)|S-3(Backpropagation in Neural Networks),431921 Batch in Backpropagation 1,mkWwFRKe4Cw,431921 Batch in Backpropagation 1,unlisted,PLMCuzyPpc7o4tL7MrDaxFLq8mMz37lI-i,ML & AI |Course 5(AI-2)|M-1(Introduction to Neural Networks-DL)|S-3(Backpropagation in Neural Networks),18
5,ML & AI |Course 5(AI-2)|M-1(Introduction to Neural Networks-DL)|S-3(Backpropagation in Neural Networks),431921 Batch in Backpropagation 2,21e8KSorSKs,431921 Batch in Backpropagation 2,unlisted,PLMCuzyPpc7o4tL7MrDaxFLq8mMz37lI-i,ML & AI |Course 5(AI-2)|M-1(Introduction to Neural Networks-DL)|S-3(Backpropagation in Neural Networks),18
5,ML & AI |Course 5(AI-2)|M-1(Introduction to Neural Networks-DL)|S-3(Backpropagation in Neural Networks),431922 Training in Batches 1,RuvE9jb_xRk,431922 Training in Batches 1,unlisted,PLMCuzyPpc7o4tL7MrDaxFLq8mMz37lI-i,ML & AI |Course 5(AI-2)|M-1(Introduction to Neural Networks-DL)|S-3(Backpropagation in Neural Networks),18
5,ML & AI |Course 5(AI-2)|M-1(Introduction to Neural Networks-DL)|S-3(Backpropagation in Neural Networks),431922 Training in Batches 2,XdorLUWYRe8,431922 Training in Batches 2,unlisted,PLMCuzyPpc7o4tL7MrDaxFLq8mMz37lI-i,ML & AI |Course 5(AI-2)|M-1(Introduction to Neural Networks-DL)|S-3(Backpropagation in Neural Networks),18
5,ML & AI |Course 5(AI-2)|M-1(Introduction to Neural Networks-DL)|S-4(Modifications to Neural Networks),431926 Regularization 1,kIqilzr4IdU,431926 Regularization 1,unlisted,PLMCuzyPpc7o7ES5Zv60NpagOS2qg3-OTv,ML & AI |Course 5(AI-2)|M-1(Introduction to Neural Networks-DL)|S-4(Modifications to Neural Networks),6
5,ML & AI |Course 5(AI-2)|M-1(Introduction to Neural Networks-DL)|S-4(Modifications to Neural Networks),431926 Regularization 2,R9lfGH7rQZE,431926 Regularization 2,unlisted,PLMCuzyPpc7o7ES5Zv60NpagOS2qg3-OTv,ML & AI |Course 5(AI-2)|M-1(Introduction to Neural Networks-DL)|S-4(Modifications to Neural Networks),6
5,ML & AI |Course 5(AI-2)|M-1(Introduction to Neural Networks-DL)|S-4(Modifications to Neural Networks),431927 Dropouts 1,6L9vn7VGTJY,431927 Dropouts 1,unlisted,PLMCuzyPpc7o7ES5Zv60NpagOS2qg3-OTv,ML & AI |Course 5(AI-2)|M-1(Introduction to Neural Networks-DL)|S-4(Modifications to Neural Networks),6
5,ML & AI |Course 5(AI-2)|M-1(Introduction to Neural Networks-DL)|S-4(Modifications to Neural Networks),431927 Dropouts 2,Myvo6WhVV_U,431927 Dropouts 2,unlisted,PLMCuzyPpc7o7ES5Zv60NpagOS2qg3-OTv,ML & AI |Course 5(AI-2)|M-1(Introduction to Neural Networks-DL)|S-4(Modifications to Neural Networks),6
5,ML & AI |Course 5(AI-2)|M-1(Introduction to Neural Networks-DL)|S-4(Modifications to Neural Networks),431928 Batch Normalization 1,jDPG9G3EISQ,431928 Batch Normalization 1,unlisted,PLMCuzyPpc7o7ES5Zv60NpagOS2qg3-OTv,ML & AI |Course 5(AI-2)|M-1(Introduction to Neural Networks-DL)|S-4(Modifications to Neural Networks),6
5,ML & AI |Course 5(AI-2)|M-1(Introduction to Neural Networks-DL)|S-4(Modifications to Neural Networks),431928 Batch Normalization 2,uNyv5dLsQos,431928 Batch Normalization 2,unlisted,PLMCuzyPpc7o7ES5Zv60NpagOS2qg3-OTv,ML & AI |Course 5(AI-2)|M-1(Introduction to Neural Networks-DL)|S-4(Modifications to Neural Networks),6
5,ML & AI |Course 5(AI-2)|M-1(Introduction to Neural Networks-DL)|S-5(Hyperparameter Tuning in Neural Networks),431933 Loss Function I 1,1pakNcIIgjQ,431933 Loss Function I 1,unlisted,PLMCuzyPpc7o62RFwTR3ui01BuH8qdhWA5,ML & AI |Course 5(AI-2)|M-1(Introduction to Neural Networks-DL)|S-5(Hyperparameter Tuning in Neural Networks),27
5,ML & AI |Course 5(AI-2)|M-1(Introduction to Neural Networks-DL)|S-5(Hyperparameter Tuning in Neural Networks),431933 Loss Function I 2,57Sz4hUQr5Q,431933 Loss Function I 2,unlisted,PLMCuzyPpc7o62RFwTR3ui01BuH8qdhWA5,ML & AI |Course 5(AI-2)|M-1(Introduction to Neural Networks-DL)|S-5(Hyperparameter Tuning in Neural Networks),27
5,ML & AI |Course 5(AI-2)|M-1(Introduction to Neural Networks-DL)|S-5(Hyperparameter Tuning in Neural Networks),431933 Loss Function I 3,GZG3Z4bJD18,431933 Loss Function I 3,unlisted,PLMCuzyPpc7o62RFwTR3ui01BuH8qdhWA5,ML & AI |Course 5(AI-2)|M-1(Introduction to Neural Networks-DL)|S-5(Hyperparameter Tuning in Neural Networks),27
5,ML & AI |Course 5(AI-2)|M-1(Introduction to Neural Networks-DL)|S-5(Hyperparameter Tuning in Neural Networks),431934 Loss Function II 1,kp6WKYkKt_s,431934 Loss Function II 1,unlisted,PLMCuzyPpc7o62RFwTR3ui01BuH8qdhWA5,ML & AI |Course 5(AI-2)|M-1(Introduction to Neural Networks-DL)|S-5(Hyperparameter Tuning in Neural Networks),27
5,ML & AI |Course 5(AI-2)|M-1(Introduction to Neural Networks-DL)|S-5(Hyperparameter Tuning in Neural Networks),431934 Loss Function II 2,6JcN_n56NKE,431934 Loss Function II 2,unlisted,PLMCuzyPpc7o62RFwTR3ui01BuH8qdhWA5,ML & AI |Course 5(AI-2)|M-1(Introduction to Neural Networks-DL)|S-5(Hyperparameter Tuning in Neural Networks),27
5,ML & AI |Course 5(AI-2)|M-1(Introduction to Neural Networks-DL)|S-5(Hyperparameter Tuning in Neural Networks),431935 Minibatch Gradient Descent 1,zxpAkmrU6eo,431935 Minibatch Gradient Descent 1,unlisted,PLMCuzyPpc7o62RFwTR3ui01BuH8qdhWA5,ML & AI |Course 5(AI-2)|M-1(Introduction to Neural Networks-DL)|S-5(Hyperparameter Tuning in Neural Networks),27
5,ML & AI |Course 5(AI-2)|M-1(Introduction to Neural Networks-DL)|S-5(Hyperparameter Tuning in Neural Networks),431935 Minibatch Gradient Descent 2,ndqoiXe6cZg,431935 Minibatch Gradient Descent 2,unlisted,PLMCuzyPpc7o62RFwTR3ui01BuH8qdhWA5,ML & AI |Course 5(AI-2)|M-1(Introduction to Neural Networks-DL)|S-5(Hyperparameter Tuning in Neural Networks),27
5,ML & AI |Course 5(AI-2)|M-1(Introduction to Neural Networks-DL)|S-5(Hyperparameter Tuning in Neural Networks),431935 Minibatch Gradient Descent 3,Y2jsaYDuBXE,431935 Minibatch Gradient Descent 3,unlisted,PLMCuzyPpc7o62RFwTR3ui01BuH8qdhWA5,ML & AI |Course 5(AI-2)|M-1(Introduction to Neural Networks-DL)|S-5(Hyperparameter Tuning in Neural Networks),27
5,ML & AI |Course 5(AI-2)|M-1(Introduction to Neural Networks-DL)|S-5(Hyperparameter Tuning in Neural Networks),431936 Gradient Descent I 1,RR7gBEDLfhE,431936 Gradient Descent I 1,unlisted,PLMCuzyPpc7o62RFwTR3ui01BuH8qdhWA5,ML & AI |Course 5(AI-2)|M-1(Introduction to Neural Networks-DL)|S-5(Hyperparameter Tuning in Neural Networks),27
5,ML & AI |Course 5(AI-2)|M-1(Introduction to Neural Networks-DL)|S-5(Hyperparameter Tuning in Neural Networks),431936 Gradient Descent I 2,c32tMGaeb_k,431936 Gradient Descent I 2,unlisted,PLMCuzyPpc7o62RFwTR3ui01BuH8qdhWA5,ML & AI |Course 5(AI-2)|M-1(Introduction to Neural Networks-DL)|S-5(Hyperparameter Tuning in Neural Networks),27
5,ML & AI |Course 5(AI-2)|M-1(Introduction to Neural Networks-DL)|S-5(Hyperparameter Tuning in Neural Networks),431937 Gradient Descent II 1,lSNDVava2qg,431937 Gradient Descent II 1,unlisted,PLMCuzyPpc7o62RFwTR3ui01BuH8qdhWA5,ML & AI |Course 5(AI-2)|M-1(Introduction to Neural Networks-DL)|S-5(Hyperparameter Tuning in Neural Networks),27
5,ML & AI |Course 5(AI-2)|M-1(Introduction to Neural Networks-DL)|S-5(Hyperparameter Tuning in Neural Networks),431937 Gradient Descent II 2,3jiqJ8ol9Yc,431937 Gradient Descent II 2,unlisted,PLMCuzyPpc7o62RFwTR3ui01BuH8qdhWA5,ML & AI |Course 5(AI-2)|M-1(Introduction to Neural Networks-DL)|S-5(Hyperparameter Tuning in Neural Networks),27
5,ML & AI |Course 5(AI-2)|M-1(Introduction to Neural Networks-DL)|S-5(Hyperparameter Tuning in Neural Networks),431938 Gradient Descent III 1,oeZXC5hF6ME,431938 Gradient Descent III 1,unlisted,PLMCuzyPpc7o62RFwTR3ui01BuH8qdhWA5,ML & AI |Course 5(AI-2)|M-1(Introduction to Neural Networks-DL)|S-5(Hyperparameter Tuning in Neural Networks),27
5,ML & AI |Course 5(AI-2)|M-1(Introduction to Neural Networks-DL)|S-5(Hyperparameter Tuning in Neural Networks),431938 Gradient Descent III 2,Im16Jt3xZX0,431938 Gradient Descent III 2,unlisted,PLMCuzyPpc7o62RFwTR3ui01BuH8qdhWA5,ML & AI |Course 5(AI-2)|M-1(Introduction to Neural Networks-DL)|S-5(Hyperparameter Tuning in Neural Networks),27
5,ML & AI |Course 5(AI-2)|M-1(Introduction to Neural Networks-DL)|S-5(Hyperparameter Tuning in Neural Networks),431939 Gradient Descent IV 1,NdCoOg3-w3Y,431939 Gradient Descent IV 1,unlisted,PLMCuzyPpc7o62RFwTR3ui01BuH8qdhWA5,ML & AI |Course 5(AI-2)|M-1(Introduction to Neural Networks-DL)|S-5(Hyperparameter Tuning in Neural Networks),27
5,ML & AI |Course 5(AI-2)|M-1(Introduction to Neural Networks-DL)|S-5(Hyperparameter Tuning in Neural Networks),431939 Gradient Descent IV 2,yYRlVzLHo4Y,431939 Gradient Descent IV 2,unlisted,PLMCuzyPpc7o62RFwTR3ui01BuH8qdhWA5,ML & AI |Course 5(AI-2)|M-1(Introduction to Neural Networks-DL)|S-5(Hyperparameter Tuning in Neural Networks),27
5,ML & AI |Course 5(AI-2)|M-1(Introduction to Neural Networks-DL)|S-5(Hyperparameter Tuning in Neural Networks),431940 Momentum based methods I 1,-xulcCye4uU,431940 Momentum based methods I 1,unlisted,PLMCuzyPpc7o62RFwTR3ui01BuH8qdhWA5,ML & AI |Course 5(AI-2)|M-1(Introduction to Neural Networks-DL)|S-5(Hyperparameter Tuning in Neural Networks),27
5,ML & AI |Course 5(AI-2)|M-1(Introduction to Neural Networks-DL)|S-5(Hyperparameter Tuning in Neural Networks),431940 Momentum based methods I 2,n-Fmx5u8QJ0,431940 Momentum based methods I 2,unlisted,PLMCuzyPpc7o62RFwTR3ui01BuH8qdhWA5,ML & AI |Course 5(AI-2)|M-1(Introduction to Neural Networks-DL)|S-5(Hyperparameter Tuning in Neural Networks),27
5,ML & AI |Course 5(AI-2)|M-1(Introduction to Neural Networks-DL)|S-5(Hyperparameter Tuning in Neural Networks),431941 Momentum based methods II 1,jRYpCED0jXg,431941 Momentum based methods II 1,unlisted,PLMCuzyPpc7o62RFwTR3ui01BuH8qdhWA5,ML & AI |Course 5(AI-2)|M-1(Introduction to Neural Networks-DL)|S-5(Hyperparameter Tuning in Neural Networks),27
5,ML & AI |Course 5(AI-2)|M-1(Introduction to Neural Networks-DL)|S-5(Hyperparameter Tuning in Neural Networks),431941 Momentum based methods II 2,trSpyQL-Dio,431941 Momentum based methods II 2,unlisted,PLMCuzyPpc7o62RFwTR3ui01BuH8qdhWA5,ML & AI |Course 5(AI-2)|M-1(Introduction to Neural Networks-DL)|S-5(Hyperparameter Tuning in Neural Networks),27
5,ML & AI |Course 5(AI-2)|M-1(Introduction to Neural Networks-DL)|S-5(Hyperparameter Tuning in Neural Networks),431942 Momentum based methods III,8w_xAvLGRdo,431942 Momentum based methods III,unlisted,PLMCuzyPpc7o62RFwTR3ui01BuH8qdhWA5,ML & AI |Course 5(AI-2)|M-1(Introduction to Neural Networks-DL)|S-5(Hyperparameter Tuning in Neural Networks),27
5,ML & AI |Course 5(AI-2)|M-1(Introduction to Neural Networks-DL)|S-5(Hyperparameter Tuning in Neural Networks),431943 Dropouts The Bayesian Approach 1,3qKZZKkQ0rU,431943 Dropouts The Bayesian Approach 1,unlisted,PLMCuzyPpc7o62RFwTR3ui01BuH8qdhWA5,ML & AI |Course 5(AI-2)|M-1(Introduction to Neural Networks-DL)|S-5(Hyperparameter Tuning in Neural Networks),27
5,ML & AI |Course 5(AI-2)|M-1(Introduction to Neural Networks-DL)|S-5(Hyperparameter Tuning in Neural Networks),431943 Dropouts The Bayesian Approach 2,HrU-KCgysH4,431943 Dropouts The Bayesian Approach 2,unlisted,PLMCuzyPpc7o62RFwTR3ui01BuH8qdhWA5,ML & AI |Course 5(AI-2)|M-1(Introduction to Neural Networks-DL)|S-5(Hyperparameter Tuning in Neural Networks),27
5,ML & AI |Course 5(AI-2)|M-1(Introduction to Neural Networks-DL)|S-5(Hyperparameter Tuning in Neural Networks),431944 Vanishing and Exploding Gradients 1,Ug2TtuB8FXo,431944 Vanishing and Exploding Gradients 1,unlisted,PLMCuzyPpc7o62RFwTR3ui01BuH8qdhWA5,ML & AI |Course 5(AI-2)|M-1(Introduction to Neural Networks-DL)|S-5(Hyperparameter Tuning in Neural Networks),27
5,ML & AI |Course 5(AI-2)|M-1(Introduction to Neural Networks-DL)|S-5(Hyperparameter Tuning in Neural Networks),431944 Vanishing and Exploding Gradients 2,mha22jhJMl4,431944 Vanishing and Exploding Gradients 2,unlisted,PLMCuzyPpc7o62RFwTR3ui01BuH8qdhWA5,ML & AI |Course 5(AI-2)|M-1(Introduction to Neural Networks-DL)|S-5(Hyperparameter Tuning in Neural Networks),27
5,ML & AI |Course 5(AI-2)|M-1(Introduction to Neural Networks-DL)|S-5(Hyperparameter Tuning in Neural Networks),431945 Initializations 1,N4SpvWUq_O0,431945 Initializations 1,unlisted,PLMCuzyPpc7o62RFwTR3ui01BuH8qdhWA5,ML & AI |Course 5(AI-2)|M-1(Introduction to Neural Networks-DL)|S-5(Hyperparameter Tuning in Neural Networks),27
5,ML & AI |Course 5(AI-2)|M-1(Introduction to Neural Networks-DL)|S-5(Hyperparameter Tuning in Neural Networks),431945 Initializations 2,TNihnNnFeFQ,431945 Initializations 2,unlisted,PLMCuzyPpc7o62RFwTR3ui01BuH8qdhWA5,ML & AI |Course 5(AI-2)|M-1(Introduction to Neural Networks-DL)|S-5(Hyperparameter Tuning in Neural Networks),27
5,ML & AI |Course 5(AI-2)|M-2(Convolutional Neural Networks-DL)|S-1(Introduction to Convolutional Neural Networks),431736 A Specialised Architecture for Visual Data old,yA4XEHMrk5w,431736 A Specialised Architecture for Visual Data old,unlisted,PLMCuzyPpc7o74h6QHZotGbqe8ICe-8jMR,ML & AI |Course 5(AI-2)|M-2(Convolutional Neural Networks-DL)|S-1(Introduction to Convolutional Neural Networks),22
5,ML & AI |Course 5(AI-2)|M-2(Convolutional Neural Networks-DL)|S-1(Introduction to Convolutional Neural Networks),431737 Applications of CNNs 1,Amv53p5UJnc,431737 Applications of CNNs 1,unlisted,PLMCuzyPpc7o74h6QHZotGbqe8ICe-8jMR,ML & AI |Course 5(AI-2)|M-2(Convolutional Neural Networks-DL)|S-1(Introduction to Convolutional Neural Networks),22
5,ML & AI |Course 5(AI-2)|M-2(Convolutional Neural Networks-DL)|S-1(Introduction to Convolutional Neural Networks),431737 Applications of CNNs 2,hC_2GudjD3s,431737 Applications of CNNs 2,unlisted,PLMCuzyPpc7o74h6QHZotGbqe8ICe-8jMR,ML & AI |Course 5(AI-2)|M-2(Convolutional Neural Networks-DL)|S-1(Introduction to Convolutional Neural Networks),22
5,ML & AI |Course 5(AI-2)|M-2(Convolutional Neural Networks-DL)|S-1(Introduction to Convolutional Neural Networks),431738 Understanding the Visual System of Mammals I,jHHOejBzgSw,431738 Understanding the Visual System of Mammals I,unlisted,PLMCuzyPpc7o74h6QHZotGbqe8ICe-8jMR,ML & AI |Course 5(AI-2)|M-2(Convolutional Neural Networks-DL)|S-1(Introduction to Convolutional Neural Networks),22
5,ML & AI |Course 5(AI-2)|M-2(Convolutional Neural Networks-DL)|S-1(Introduction to Convolutional Neural Networks),431739 Understanding the Visual System of Mammals II 1,L932C16CTLk,431739 Understanding the Visual System of Mammals II 1,unlisted,PLMCuzyPpc7o74h6QHZotGbqe8ICe-8jMR,ML & AI |Course 5(AI-2)|M-2(Convolutional Neural Networks-DL)|S-1(Introduction to Convolutional Neural Networks),22
5,ML & AI |Course 5(AI-2)|M-2(Convolutional Neural Networks-DL)|S-1(Introduction to Convolutional Neural Networks),431739 Understanding the Visual System of Mammals II 2,3SlhHcGj_aE,431739 Understanding the Visual System of Mammals II 2,unlisted,PLMCuzyPpc7o74h6QHZotGbqe8ICe-8jMR,ML & AI |Course 5(AI-2)|M-2(Convolutional Neural Networks-DL)|S-1(Introduction to Convolutional Neural Networks),22
5,ML & AI |Course 5(AI-2)|M-2(Convolutional Neural Networks-DL)|S-1(Introduction to Convolutional Neural Networks),431740 Introduction to CNNs,UE7iKcORkgo,431740 Introduction to CNNs,unlisted,PLMCuzyPpc7o74h6QHZotGbqe8ICe-8jMR,ML & AI |Course 5(AI-2)|M-2(Convolutional Neural Networks-DL)|S-1(Introduction to Convolutional Neural Networks),22
5,ML & AI |Course 5(AI-2)|M-2(Convolutional Neural Networks-DL)|S-1(Introduction to Convolutional Neural Networks),431741 Reading Digital Images 1,0s2mTcYWE_8,431741 Reading Digital Images 1,unlisted,PLMCuzyPpc7o74h6QHZotGbqe8ICe-8jMR,ML & AI |Course 5(AI-2)|M-2(Convolutional Neural Networks-DL)|S-1(Introduction to Convolutional Neural Networks),22
5,ML & AI |Course 5(AI-2)|M-2(Convolutional Neural Networks-DL)|S-1(Introduction to Convolutional Neural Networks),431741 Reading Digital Images 2,Kyh7A5cDWYo,431741 Reading Digital Images 2,unlisted,PLMCuzyPpc7o74h6QHZotGbqe8ICe-8jMR,ML & AI |Course 5(AI-2)|M-2(Convolutional Neural Networks-DL)|S-1(Introduction to Convolutional Neural Networks),22
5,ML & AI |Course 5(AI-2)|M-2(Convolutional Neural Networks-DL)|S-1(Introduction to Convolutional Neural Networks),431741 Reading Digital Images 3,I47xZWeZLLg,431741 Reading Digital Images 3,unlisted,PLMCuzyPpc7o74h6QHZotGbqe8ICe-8jMR,ML & AI |Course 5(AI-2)|M-2(Convolutional Neural Networks-DL)|S-1(Introduction to Convolutional Neural Networks),22
5,ML & AI |Course 5(AI-2)|M-2(Convolutional Neural Networks-DL)|S-1(Introduction to Convolutional Neural Networks),431742 Video Analysis,LsyG9yzp2IE,431742 Video Analysis,unlisted,PLMCuzyPpc7o74h6QHZotGbqe8ICe-8jMR,ML & AI |Course 5(AI-2)|M-2(Convolutional Neural Networks-DL)|S-1(Introduction to Convolutional Neural Networks),22
5,ML & AI |Course 5(AI-2)|M-2(Convolutional Neural Networks-DL)|S-1(Introduction to Convolutional Neural Networks),431743 Understanding Convolutions I,D_Cu0jcXs5w,431743 Understanding Convolutions I,unlisted,PLMCuzyPpc7o74h6QHZotGbqe8ICe-8jMR,ML & AI |Course 5(AI-2)|M-2(Convolutional Neural Networks-DL)|S-1(Introduction to Convolutional Neural Networks),22
5,ML & AI |Course 5(AI-2)|M-2(Convolutional Neural Networks-DL)|S-1(Introduction to Convolutional Neural Networks),431744 Understanding Convolutions II,X1xTt3-bw7A,431744 Understanding Convolutions II,unlisted,PLMCuzyPpc7o74h6QHZotGbqe8ICe-8jMR,ML & AI |Course 5(AI-2)|M-2(Convolutional Neural Networks-DL)|S-1(Introduction to Convolutional Neural Networks),22
5,ML & AI |Course 5(AI-2)|M-2(Convolutional Neural Networks-DL)|S-1(Introduction to Convolutional Neural Networks),431745 Stride and Padding 1,PbOEOmnMIok,431745 Stride and Padding 1,unlisted,PLMCuzyPpc7o74h6QHZotGbqe8ICe-8jMR,ML & AI |Course 5(AI-2)|M-2(Convolutional Neural Networks-DL)|S-1(Introduction to Convolutional Neural Networks),22
5,ML & AI |Course 5(AI-2)|M-2(Convolutional Neural Networks-DL)|S-1(Introduction to Convolutional Neural Networks),431745 Stride and Padding 2,xwvqEQhvYKc,431745 Stride and Padding 2,unlisted,PLMCuzyPpc7o74h6QHZotGbqe8ICe-8jMR,ML & AI |Course 5(AI-2)|M-2(Convolutional Neural Networks-DL)|S-1(Introduction to Convolutional Neural Networks),22
5,ML & AI |Course 5(AI-2)|M-2(Convolutional Neural Networks-DL)|S-1(Introduction to Convolutional Neural Networks),431746 Important Formulas,j8_Ux8Ig7jQ,431746 Important Formulas,unlisted,PLMCuzyPpc7o74h6QHZotGbqe8ICe-8jMR,ML & AI |Course 5(AI-2)|M-2(Convolutional Neural Networks-DL)|S-1(Introduction to Convolutional Neural Networks),22
5,ML & AI |Course 5(AI-2)|M-2(Convolutional Neural Networks-DL)|S-1(Introduction to Convolutional Neural Networks),431747 Weights of a CNN,TFfClYFeZLU,431747 Weights of a CNN,unlisted,PLMCuzyPpc7o74h6QHZotGbqe8ICe-8jMR,ML & AI |Course 5(AI-2)|M-2(Convolutional Neural Networks-DL)|S-1(Introduction to Convolutional Neural Networks),22
5,ML & AI |Course 5(AI-2)|M-2(Convolutional Neural Networks-DL)|S-1(Introduction to Convolutional Neural Networks),431748 Feature Maps,NmA3kdh5V-M,431748 Feature Maps,unlisted,PLMCuzyPpc7o74h6QHZotGbqe8ICe-8jMR,ML & AI |Course 5(AI-2)|M-2(Convolutional Neural Networks-DL)|S-1(Introduction to Convolutional Neural Networks),22
5,ML & AI |Course 5(AI-2)|M-2(Convolutional Neural Networks-DL)|S-1(Introduction to Convolutional Neural Networks),431749 Pooling 1,p2a0tY48lVM,431749 Pooling 1,unlisted,PLMCuzyPpc7o74h6QHZotGbqe8ICe-8jMR,ML & AI |Course 5(AI-2)|M-2(Convolutional Neural Networks-DL)|S-1(Introduction to Convolutional Neural Networks),22
5,ML & AI |Course 5(AI-2)|M-2(Convolutional Neural Networks-DL)|S-1(Introduction to Convolutional Neural Networks),431749 Pooling 2,WY4J5u8J7rc,431749 Pooling 2,unlisted,PLMCuzyPpc7o74h6QHZotGbqe8ICe-8jMR,ML & AI |Course 5(AI-2)|M-2(Convolutional Neural Networks-DL)|S-1(Introduction to Convolutional Neural Networks),22
5,ML & AI |Course 5(AI-2)|M-2(Convolutional Neural Networks-DL)|S-1(Introduction to Convolutional Neural Networks),431750 Putting the Components Together 1,6WRBLFzOs9c,431750 Putting the Components Together 1,unlisted,PLMCuzyPpc7o74h6QHZotGbqe8ICe-8jMR,ML & AI |Course 5(AI-2)|M-2(Convolutional Neural Networks-DL)|S-1(Introduction to Convolutional Neural Networks),22
5,ML & AI |Course 5(AI-2)|M-2(Convolutional Neural Networks-DL)|S-1(Introduction to Convolutional Neural Networks),431750 Putting the Components Together 2,U0LPuQUjohU,431750 Putting the Components Together 2,unlisted,PLMCuzyPpc7o74h6QHZotGbqe8ICe-8jMR,ML & AI |Course 5(AI-2)|M-2(Convolutional Neural Networks-DL)|S-1(Introduction to Convolutional Neural Networks),22
5,ML & AI |Course 5(AI-2)|M-2(Convolutional Neural Networks-DL)|S-2(Building CNNs with Python and Keras),431756 CIFAR 10 Classification with Python I,q-x203AmQ3w,431756 CIFAR 10 Classification with Python I,unlisted,PLMCuzyPpc7o4rFkFXIuyxnjzozqHzUHq0,ML & AI |Course 5(AI-2)|M-2(Convolutional Neural Networks-DL)|S-2(Building CNNs with Python and Keras),4
5,ML & AI |Course 5(AI-2)|M-2(Convolutional Neural Networks-DL)|S-2(Building CNNs with Python and Keras),431757 CIFAR 10 Classification with Python II,CQM2Ml14Elc,431757 CIFAR 10 Classification with Python II,unlisted,PLMCuzyPpc7o4rFkFXIuyxnjzozqHzUHq0,ML & AI |Course 5(AI-2)|M-2(Convolutional Neural Networks-DL)|S-2(Building CNNs with Python and Keras),4
5,ML & AI |Course 5(AI-2)|M-2(Convolutional Neural Networks-DL)|S-2(Building CNNs with Python and Keras),431758 CIFAR 10 Classification with Python III 1,6NePR51sRNM,431758 CIFAR 10 Classification with Python III 1,unlisted,PLMCuzyPpc7o4rFkFXIuyxnjzozqHzUHq0,ML & AI |Course 5(AI-2)|M-2(Convolutional Neural Networks-DL)|S-2(Building CNNs with Python and Keras),4
5,ML & AI |Course 5(AI-2)|M-2(Convolutional Neural Networks-DL)|S-2(Building CNNs with Python and Keras),431758 CIFAR 10 Classification with Python III 2,5RzYnVwRRko,431758 CIFAR 10 Classification with Python III 2,unlisted,PLMCuzyPpc7o4rFkFXIuyxnjzozqHzUHq0,ML & AI |Course 5(AI-2)|M-2(Convolutional Neural Networks-DL)|S-2(Building CNNs with Python and Keras),4
5,ML & AI |Course 5(AI-2)|M-2(Convolutional Neural Networks-DL)|S-3(CNN Architectures and Transfer Learning),431762 Overview of CNN Architectures,oQntUwA8VMc,431762 Overview of CNN Architectures,unlisted,PLMCuzyPpc7o4z1zYhIDRg669EyjfTDGbd,ML & AI |Course 5(AI-2)|M-2(Convolutional Neural Networks-DL)|S-3(CNN Architectures and Transfer Learning),17
5,ML & AI |Course 5(AI-2)|M-2(Convolutional Neural Networks-DL)|S-3(CNN Architectures and Transfer Learning),431763 AlexNet and VGGNet,C2TigaXIStY,431763 AlexNet and VGGNet,unlisted,PLMCuzyPpc7o4z1zYhIDRg669EyjfTDGbd,ML & AI |Course 5(AI-2)|M-2(Convolutional Neural Networks-DL)|S-3(CNN Architectures and Transfer Learning),17
5,ML & AI |Course 5(AI-2)|M-2(Convolutional Neural Networks-DL)|S-3(CNN Architectures and Transfer Learning),431764 GoogleNet,7R5knS2HsMs,431764 GoogleNet,unlisted,PLMCuzyPpc7o4z1zYhIDRg669EyjfTDGbd,ML & AI |Course 5(AI-2)|M-2(Convolutional Neural Networks-DL)|S-3(CNN Architectures and Transfer Learning),17
5,ML & AI |Course 5(AI-2)|M-2(Convolutional Neural Networks-DL)|S-3(CNN Architectures and Transfer Learning),431765 Residual Net 1,EHp07yL9Ibo,431765 Residual Net 1,unlisted,PLMCuzyPpc7o4z1zYhIDRg669EyjfTDGbd,ML & AI |Course 5(AI-2)|M-2(Convolutional Neural Networks-DL)|S-3(CNN Architectures and Transfer Learning),17
5,ML & AI |Course 5(AI-2)|M-2(Convolutional Neural Networks-DL)|S-3(CNN Architectures and Transfer Learning),431765 Residual Net 2,fl55Pbq_YYM,431765 Residual Net 2,unlisted,PLMCuzyPpc7o4z1zYhIDRg669EyjfTDGbd,ML & AI |Course 5(AI-2)|M-2(Convolutional Neural Networks-DL)|S-3(CNN Architectures and Transfer Learning),17
5,ML & AI |Course 5(AI-2)|M-2(Convolutional Neural Networks-DL)|S-3(CNN Architectures and Transfer Learning),431766 Introduction to Transfer Learning 1,nPtoJOiiaEo,431766 Introduction to Transfer Learning 1,unlisted,PLMCuzyPpc7o4z1zYhIDRg669EyjfTDGbd,ML & AI |Course 5(AI-2)|M-2(Convolutional Neural Networks-DL)|S-3(CNN Architectures and Transfer Learning),17
5,ML & AI |Course 5(AI-2)|M-2(Convolutional Neural Networks-DL)|S-3(CNN Architectures and Transfer Learning),431766 Introduction to Transfer Learning 2,JBOFg2-zERQ,431766 Introduction to Transfer Learning 2,unlisted,PLMCuzyPpc7o4z1zYhIDRg669EyjfTDGbd,ML & AI |Course 5(AI-2)|M-2(Convolutional Neural Networks-DL)|S-3(CNN Architectures and Transfer Learning),17
5,ML & AI |Course 5(AI-2)|M-2(Convolutional Neural Networks-DL)|S-3(CNN Architectures and Transfer Learning),431767 Use Cases of Transfer Learning 1,Ep5_uyBobSQ,431767 Use Cases of Transfer Learning 1,unlisted,PLMCuzyPpc7o4z1zYhIDRg669EyjfTDGbd,ML & AI |Course 5(AI-2)|M-2(Convolutional Neural Networks-DL)|S-3(CNN Architectures and Transfer Learning),17
5,ML & AI |Course 5(AI-2)|M-2(Convolutional Neural Networks-DL)|S-3(CNN Architectures and Transfer Learning),431767 Use Cases of Transfer Learning 2,Zb-bKOCZiFY,431767 Use Cases of Transfer Learning 2,unlisted,PLMCuzyPpc7o4z1zYhIDRg669EyjfTDGbd,ML & AI |Course 5(AI-2)|M-2(Convolutional Neural Networks-DL)|S-3(CNN Architectures and Transfer Learning),17
5,ML & AI |Course 5(AI-2)|M-2(Convolutional Neural Networks-DL)|S-3(CNN Architectures and Transfer Learning),431768 Transfer Learning With Pre Trained CNNs 1,PdWzMEpD44M,431768 Transfer Learning With Pre Trained CNNs 1,unlisted,PLMCuzyPpc7o4z1zYhIDRg669EyjfTDGbd,ML & AI |Course 5(AI-2)|M-2(Convolutional Neural Networks-DL)|S-3(CNN Architectures and Transfer Learning),17
5,ML & AI |Course 5(AI-2)|M-2(Convolutional Neural Networks-DL)|S-3(CNN Architectures and Transfer Learning),431768 Transfer Learning With Pre Trained CNNs 2,8fMFPVKDzb8,431768 Transfer Learning With Pre Trained CNNs 2,unlisted,PLMCuzyPpc7o4z1zYhIDRg669EyjfTDGbd,ML & AI |Course 5(AI-2)|M-2(Convolutional Neural Networks-DL)|S-3(CNN Architectures and Transfer Learning),17
5,ML & AI |Course 5(AI-2)|M-2(Convolutional Neural Networks-DL)|S-3(CNN Architectures and Transfer Learning),431769 Practical Implementation of Transfer Learning 1,QnwIBv-V6rY,431769 Practical Implementation of Transfer Learning 1,unlisted,PLMCuzyPpc7o4z1zYhIDRg669EyjfTDGbd,ML & AI |Course 5(AI-2)|M-2(Convolutional Neural Networks-DL)|S-3(CNN Architectures and Transfer Learning),17
5,ML & AI |Course 5(AI-2)|M-2(Convolutional Neural Networks-DL)|S-3(CNN Architectures and Transfer Learning),431769 Practical Implementation of Transfer Learning 2,n7NHBjrVUbE,431769 Practical Implementation of Transfer Learning 2,unlisted,PLMCuzyPpc7o4z1zYhIDRg669EyjfTDGbd,ML & AI |Course 5(AI-2)|M-2(Convolutional Neural Networks-DL)|S-3(CNN Architectures and Transfer Learning),17
5,ML & AI |Course 5(AI-2)|M-2(Convolutional Neural Networks-DL)|S-3(CNN Architectures and Transfer Learning),431770 Transfer Learning in Python,e2hSPn-LMVE,431770 Transfer Learning in Python,unlisted,PLMCuzyPpc7o4z1zYhIDRg669EyjfTDGbd,ML & AI |Course 5(AI-2)|M-2(Convolutional Neural Networks-DL)|S-3(CNN Architectures and Transfer Learning),17
5,ML & AI |Course 5(AI-2)|M-2(Convolutional Neural Networks-DL)|S-3(CNN Architectures and Transfer Learning),431771 An Analysis of Deep Learning Models I 1,l-urK6I7GNA,431771 An Analysis of Deep Learning Models I 1,unlisted,PLMCuzyPpc7o4z1zYhIDRg669EyjfTDGbd,ML & AI |Course 5(AI-2)|M-2(Convolutional Neural Networks-DL)|S-3(CNN Architectures and Transfer Learning),17
5,ML & AI |Course 5(AI-2)|M-2(Convolutional Neural Networks-DL)|S-3(CNN Architectures and Transfer Learning),431771 An Analysis of Deep Learning Models I 2,sf-ni49yVWg,431771 An Analysis of Deep Learning Models I 2,unlisted,PLMCuzyPpc7o4z1zYhIDRg669EyjfTDGbd,ML & AI |Course 5(AI-2)|M-2(Convolutional Neural Networks-DL)|S-3(CNN Architectures and Transfer Learning),17
5,ML & AI |Course 5(AI-2)|M-2(Convolutional Neural Networks-DL)|S-3(CNN Architectures and Transfer Learning),431772 An Analysis of Deep Learning Models II,xh6CNCiun2E,431772 An Analysis of Deep Learning Models II,unlisted,PLMCuzyPpc7o4z1zYhIDRg669EyjfTDGbd,ML & AI |Course 5(AI-2)|M-2(Convolutional Neural Networks-DL)|S-3(CNN Architectures and Transfer Learning),17
5,ML & AI |Course 5(AI-2)|M-2(Convolutional Neural Networks-DL)|S-4(Style Transfer and Object Detection Optional),431776 Introduction to Style Transfer 1,xskR5HS3BTI,431776 Introduction to Style Transfer 1,unlisted,PLMCuzyPpc7o6baxtAXkPcmuaKLobPSWos,ML & AI |Course 5(AI-2)|M-2(Convolutional Neural Networks-DL)|S-4(Style Transfer and Object Detection Optional),11
5,ML & AI |Course 5(AI-2)|M-2(Convolutional Neural Networks-DL)|S-4(Style Transfer and Object Detection Optional),431776 Introduction to Style Transfer 2,rQIrxNM4wUQ,431776 Introduction to Style Transfer 2,unlisted,PLMCuzyPpc7o6baxtAXkPcmuaKLobPSWos,ML & AI |Course 5(AI-2)|M-2(Convolutional Neural Networks-DL)|S-4(Style Transfer and Object Detection Optional),11
5,ML & AI |Course 5(AI-2)|M-2(Convolutional Neural Networks-DL)|S-4(Style Transfer and Object Detection Optional),431777 Style Loss and the Gram Matrix 1,_lKfSXtXinQ,431777 Style Loss and the Gram Matrix 1,unlisted,PLMCuzyPpc7o6baxtAXkPcmuaKLobPSWos,ML & AI |Course 5(AI-2)|M-2(Convolutional Neural Networks-DL)|S-4(Style Transfer and Object Detection Optional),11
5,ML & AI |Course 5(AI-2)|M-2(Convolutional Neural Networks-DL)|S-4(Style Transfer and Object Detection Optional),431777 Style Loss and the Gram Matrix 2,Q_OWyyPpNL4,431777 Style Loss and the Gram Matrix 2,unlisted,PLMCuzyPpc7o6baxtAXkPcmuaKLobPSWos,ML & AI |Course 5(AI-2)|M-2(Convolutional Neural Networks-DL)|S-4(Style Transfer and Object Detection Optional),11
5,ML & AI |Course 5(AI-2)|M-2(Convolutional Neural Networks-DL)|S-4(Style Transfer and Object Detection Optional),431777 Style Loss and the Gram Matrix 3,IGL_lhbfVOM,431777 Style Loss and the Gram Matrix 3,unlisted,PLMCuzyPpc7o6baxtAXkPcmuaKLobPSWos,ML & AI |Course 5(AI-2)|M-2(Convolutional Neural Networks-DL)|S-4(Style Transfer and Object Detection Optional),11
5,ML & AI |Course 5(AI-2)|M-2(Convolutional Neural Networks-DL)|S-4(Style Transfer and Object Detection Optional),431778 Loss Function 1,ZP0KmbvhlqQ,431778 Loss Function 1,unlisted,PLMCuzyPpc7o6baxtAXkPcmuaKLobPSWos,ML & AI |Course 5(AI-2)|M-2(Convolutional Neural Networks-DL)|S-4(Style Transfer and Object Detection Optional),11
5,ML & AI |Course 5(AI-2)|M-2(Convolutional Neural Networks-DL)|S-4(Style Transfer and Object Detection Optional),431778 Loss Function 2,TI95OBhq_hI,431778 Loss Function 2,unlisted,PLMCuzyPpc7o6baxtAXkPcmuaKLobPSWos,ML & AI |Course 5(AI-2)|M-2(Convolutional Neural Networks-DL)|S-4(Style Transfer and Object Detection Optional),11
5,ML & AI |Course 5(AI-2)|M-2(Convolutional Neural Networks-DL)|S-4(Style Transfer and Object Detection Optional),431779 Style Transfer Notebook 1,O4IkmABl7us,431779 Style Transfer Notebook 1,unlisted,PLMCuzyPpc7o6baxtAXkPcmuaKLobPSWos,ML & AI |Course 5(AI-2)|M-2(Convolutional Neural Networks-DL)|S-4(Style Transfer and Object Detection Optional),11
5,ML & AI |Course 5(AI-2)|M-2(Convolutional Neural Networks-DL)|S-4(Style Transfer and Object Detection Optional),431779 Style Transfer Notebook 2,-0vk8E7oLGA,431779 Style Transfer Notebook 2,unlisted,PLMCuzyPpc7o6baxtAXkPcmuaKLobPSWos,ML & AI |Course 5(AI-2)|M-2(Convolutional Neural Networks-DL)|S-4(Style Transfer and Object Detection Optional),11
5,ML & AI |Course 5(AI-2)|M-2(Convolutional Neural Networks-DL)|S-4(Style Transfer and Object Detection Optional),431780 Object Detection I,mmEbeQE6p6o,431780 Object Detection I,unlisted,PLMCuzyPpc7o6baxtAXkPcmuaKLobPSWos,ML & AI |Course 5(AI-2)|M-2(Convolutional Neural Networks-DL)|S-4(Style Transfer and Object Detection Optional),11
5,ML & AI |Course 5(AI-2)|M-2(Convolutional Neural Networks-DL)|S-4(Style Transfer and Object Detection Optional),431781 Object Detection II,B5W-BVy7Xlc,431781 Object Detection II,unlisted,PLMCuzyPpc7o6baxtAXkPcmuaKLobPSWos,ML & AI |Course 5(AI-2)|M-2(Convolutional Neural Networks-DL)|S-4(Style Transfer and Object Detection Optional),11
5,ML & AI |Course 5(AI-2)|M-3(Convolutional Neural Networks - IA-DL)|S-1(Industry Demo Using CNNs with Flowers Images),431665 Introduction,nBMIVvBZbXo,431665 Introduction,unlisted,PLMCuzyPpc7o6UEIf3tGcPJOE7tVC5wOqY,ML & AI |Course 5(AI-2)|M-3(Convolutional Neural Networks - IA-DL)|S-1(Industry Demo Using CNNs with Flowers Images),17
5,ML & AI |Course 5(AI-2)|M-3(Convolutional Neural Networks - IA-DL)|S-1(Industry Demo Using CNNs with Flowers Images),431666 Examining the Flowers Dataset 1,8NO3-Wtsq68,431666 Examining the Flowers Dataset 1,unlisted,PLMCuzyPpc7o6UEIf3tGcPJOE7tVC5wOqY,ML & AI |Course 5(AI-2)|M-3(Convolutional Neural Networks - IA-DL)|S-1(Industry Demo Using CNNs with Flowers Images),17
5,ML & AI |Course 5(AI-2)|M-3(Convolutional Neural Networks - IA-DL)|S-1(Industry Demo Using CNNs with Flowers Images),431666 Examining the Flowers Dataset 2,KgibXMC1Jwg,431666 Examining the Flowers Dataset 2,unlisted,PLMCuzyPpc7o6UEIf3tGcPJOE7tVC5wOqY,ML & AI |Course 5(AI-2)|M-3(Convolutional Neural Networks - IA-DL)|S-1(Industry Demo Using CNNs with Flowers Images),17
5,ML & AI |Course 5(AI-2)|M-3(Convolutional Neural Networks - IA-DL)|S-1(Industry Demo Using CNNs with Flowers Images),431667 Data Preprocessing Shape Size and Form 1,aRR0Gt0JRkQ,431667 Data Preprocessing Shape Size and Form 1,unlisted,PLMCuzyPpc7o6UEIf3tGcPJOE7tVC5wOqY,ML & AI |Course 5(AI-2)|M-3(Convolutional Neural Networks - IA-DL)|S-1(Industry Demo Using CNNs with Flowers Images),17
5,ML & AI |Course 5(AI-2)|M-3(Convolutional Neural Networks - IA-DL)|S-1(Industry Demo Using CNNs with Flowers Images),431667 Data Preprocessing Shape Size and Form 2,CNpHBCH0kSY,431667 Data Preprocessing Shape Size and Form 2,unlisted,PLMCuzyPpc7o6UEIf3tGcPJOE7tVC5wOqY,ML & AI |Course 5(AI-2)|M-3(Convolutional Neural Networks - IA-DL)|S-1(Industry Demo Using CNNs with Flowers Images),17
5,ML & AI |Course 5(AI-2)|M-3(Convolutional Neural Networks - IA-DL)|S-1(Industry Demo Using CNNs with Flowers Images),431667 Data Preprocessing Shape Size and Form 3,DILfyeVY-RY,431667 Data Preprocessing Shape Size and Form 3,unlisted,PLMCuzyPpc7o6UEIf3tGcPJOE7tVC5wOqY,ML & AI |Course 5(AI-2)|M-3(Convolutional Neural Networks - IA-DL)|S-1(Industry Demo Using CNNs with Flowers Images),17
5,ML & AI |Course 5(AI-2)|M-3(Convolutional Neural Networks - IA-DL)|S-1(Industry Demo Using CNNs with Flowers Images),431669 Data Preprocessing Normalisation,K2pYOL7ULiU,431669 Data Preprocessing Normalisation,unlisted,PLMCuzyPpc7o6UEIf3tGcPJOE7tVC5wOqY,ML & AI |Course 5(AI-2)|M-3(Convolutional Neural Networks - IA-DL)|S-1(Industry Demo Using CNNs with Flowers Images),17
5,ML & AI |Course 5(AI-2)|M-3(Convolutional Neural Networks - IA-DL)|S-1(Industry Demo Using CNNs with Flowers Images),431670 Data Preprocessing Augmentation 1,E6IrwrLdvIo,431670 Data Preprocessing Augmentation 1,unlisted,PLMCuzyPpc7o6UEIf3tGcPJOE7tVC5wOqY,ML & AI |Course 5(AI-2)|M-3(Convolutional Neural Networks - IA-DL)|S-1(Industry Demo Using CNNs with Flowers Images),17
5,ML & AI |Course 5(AI-2)|M-3(Convolutional Neural Networks - IA-DL)|S-1(Industry Demo Using CNNs with Flowers Images),431670 Data Preprocessing Augmentation 2,JRiaJT7vFFs,431670 Data Preprocessing Augmentation 2,unlisted,PLMCuzyPpc7o6UEIf3tGcPJOE7tVC5wOqY,ML & AI |Course 5(AI-2)|M-3(Convolutional Neural Networks - IA-DL)|S-1(Industry Demo Using CNNs with Flowers Images),17
5,ML & AI |Course 5(AI-2)|M-3(Convolutional Neural Networks - IA-DL)|S-1(Industry Demo Using CNNs with Flowers Images),431673 Building the Network 1,b18jc5H5urU,431673 Building the Network 1,unlisted,PLMCuzyPpc7o6UEIf3tGcPJOE7tVC5wOqY,ML & AI |Course 5(AI-2)|M-3(Convolutional Neural Networks - IA-DL)|S-1(Industry Demo Using CNNs with Flowers Images),17
5,ML & AI |Course 5(AI-2)|M-3(Convolutional Neural Networks - IA-DL)|S-1(Industry Demo Using CNNs with Flowers Images),431673 Building the Network 2,Tptm2xxmZYo,431673 Building the Network 2,unlisted,PLMCuzyPpc7o6UEIf3tGcPJOE7tVC5wOqY,ML & AI |Course 5(AI-2)|M-3(Convolutional Neural Networks - IA-DL)|S-1(Industry Demo Using CNNs with Flowers Images),17
5,ML & AI |Course 5(AI-2)|M-3(Convolutional Neural Networks - IA-DL)|S-1(Industry Demo Using CNNs with Flowers Images),431674 Ablation Experiments 1,oy7d8HKRH58,431674 Ablation Experiments 1,unlisted,PLMCuzyPpc7o6UEIf3tGcPJOE7tVC5wOqY,ML & AI |Course 5(AI-2)|M-3(Convolutional Neural Networks - IA-DL)|S-1(Industry Demo Using CNNs with Flowers Images),17
5,ML & AI |Course 5(AI-2)|M-3(Convolutional Neural Networks - IA-DL)|S-1(Industry Demo Using CNNs with Flowers Images),431674 Ablation Experiments 2,oW1UXFRlV4I,431674 Ablation Experiments 2,unlisted,PLMCuzyPpc7o6UEIf3tGcPJOE7tVC5wOqY,ML & AI |Course 5(AI-2)|M-3(Convolutional Neural Networks - IA-DL)|S-1(Industry Demo Using CNNs with Flowers Images),17
5,ML & AI |Course 5(AI-2)|M-3(Convolutional Neural Networks - IA-DL)|S-1(Industry Demo Using CNNs with Flowers Images),431675 Hyperparameter Tuning 1,81CTVCKskdo,431675 Hyperparameter Tuning 1,unlisted,PLMCuzyPpc7o6UEIf3tGcPJOE7tVC5wOqY,ML & AI |Course 5(AI-2)|M-3(Convolutional Neural Networks - IA-DL)|S-1(Industry Demo Using CNNs with Flowers Images),17
5,ML & AI |Course 5(AI-2)|M-3(Convolutional Neural Networks - IA-DL)|S-1(Industry Demo Using CNNs with Flowers Images),431675 Hyperparameter Tuning 2,hMj6HdkR1GQ,431675 Hyperparameter Tuning 2,unlisted,PLMCuzyPpc7o6UEIf3tGcPJOE7tVC5wOqY,ML & AI |Course 5(AI-2)|M-3(Convolutional Neural Networks - IA-DL)|S-1(Industry Demo Using CNNs with Flowers Images),17
5,ML & AI |Course 5(AI-2)|M-3(Convolutional Neural Networks - IA-DL)|S-1(Industry Demo Using CNNs with Flowers Images),431676 Training and Evaluating the Model 1,M7u93y9jb4g,431676 Training and Evaluating the Model 1,unlisted,PLMCuzyPpc7o6UEIf3tGcPJOE7tVC5wOqY,ML & AI |Course 5(AI-2)|M-3(Convolutional Neural Networks - IA-DL)|S-1(Industry Demo Using CNNs with Flowers Images),17
5,ML & AI |Course 5(AI-2)|M-3(Convolutional Neural Networks - IA-DL)|S-1(Industry Demo Using CNNs with Flowers Images),431676 Training and Evaluating the Model 2,ROuYCcsy5Ck,431676 Training and Evaluating the Model 2,unlisted,PLMCuzyPpc7o6UEIf3tGcPJOE7tVC5wOqY,ML & AI |Course 5(AI-2)|M-3(Convolutional Neural Networks - IA-DL)|S-1(Industry Demo Using CNNs with Flowers Images),17
5,ML & AI |Course 5(AI-2)|M-3(Convolutional Neural Networks - IA-DL)|S-2(Industry Demo Using CNNs with X-ray Images),431680 Examining Xray images 1,RNCq7_NNxJM,431680 Examining Xray images 1,unlisted,PLMCuzyPpc7o6_mp_Nz2xgzc2pqy73pQN8,ML & AI |Course 5(AI-2)|M-3(Convolutional Neural Networks - IA-DL)|S-2(Industry Demo Using CNNs with X-ray Images),8
5,ML & AI |Course 5(AI-2)|M-3(Convolutional Neural Networks - IA-DL)|S-2(Industry Demo Using CNNs with X-ray Images),431680 Examining Xray images 2,Aky9JEXzFh8,431680 Examining Xray images 2,unlisted,PLMCuzyPpc7o6_mp_Nz2xgzc2pqy73pQN8,ML & AI |Course 5(AI-2)|M-3(Convolutional Neural Networks - IA-DL)|S-2(Industry Demo Using CNNs with X-ray Images),8
5,ML & AI |Course 5(AI-2)|M-3(Convolutional Neural Networks - IA-DL)|S-2(Industry Demo Using CNNs with X-ray Images),431681 CXR Data Preprocessing Augmentation,9OBUGrrEV-g,431681 CXR Data Preprocessing Augmentation,unlisted,PLMCuzyPpc7o6_mp_Nz2xgzc2pqy73pQN8,ML & AI |Course 5(AI-2)|M-3(Convolutional Neural Networks - IA-DL)|S-2(Industry Demo Using CNNs with X-ray Images),8
5,ML & AI |Course 5(AI-2)|M-3(Convolutional Neural Networks - IA-DL)|S-2(Industry Demo Using CNNs with X-ray Images),431682 CXR Data Preprocessing Normalisation,xoc4YcjKl_c,431682 CXR Data Preprocessing Normalisation,unlisted,PLMCuzyPpc7o6_mp_Nz2xgzc2pqy73pQN8,ML & AI |Course 5(AI-2)|M-3(Convolutional Neural Networks - IA-DL)|S-2(Industry Demo Using CNNs with X-ray Images),8
5,ML & AI |Course 5(AI-2)|M-3(Convolutional Neural Networks - IA-DL)|S-2(Industry Demo Using CNNs with X-ray Images),431683 CXR Network Building 1,y20HqH9xkfk,431683 CXR Network Building 1,unlisted,PLMCuzyPpc7o6_mp_Nz2xgzc2pqy73pQN8,ML & AI |Course 5(AI-2)|M-3(Convolutional Neural Networks - IA-DL)|S-2(Industry Demo Using CNNs with X-ray Images),8
5,ML & AI |Course 5(AI-2)|M-3(Convolutional Neural Networks - IA-DL)|S-2(Industry Demo Using CNNs with X-ray Images),431683 CXR Network Building 2,Qs2V306htv8,431683 CXR Network Building 2,unlisted,PLMCuzyPpc7o6_mp_Nz2xgzc2pqy73pQN8,ML & AI |Course 5(AI-2)|M-3(Convolutional Neural Networks - IA-DL)|S-2(Industry Demo Using CNNs with X-ray Images),8
5,ML & AI |Course 5(AI-2)|M-3(Convolutional Neural Networks - IA-DL)|S-2(Industry Demo Using CNNs with X-ray Images),431684 CXR Final Run 1,6w9hqnrcP0w,431684 CXR Final Run 1,unlisted,PLMCuzyPpc7o6_mp_Nz2xgzc2pqy73pQN8,ML & AI |Course 5(AI-2)|M-3(Convolutional Neural Networks - IA-DL)|S-2(Industry Demo Using CNNs with X-ray Images),8
5,ML & AI |Course 5(AI-2)|M-3(Convolutional Neural Networks - IA-DL)|S-2(Industry Demo Using CNNs with X-ray Images),431684 CXR Final Run 2,8nf4Un4CY4k,431684 CXR Final Run 2,unlisted,PLMCuzyPpc7o6_mp_Nz2xgzc2pqy73pQN8,ML & AI |Course 5(AI-2)|M-3(Convolutional Neural Networks - IA-DL)|S-2(Industry Demo Using CNNs with X-ray Images),8
5,ML & AI |Course 5(AI-2)|M-3(Convolutional Neural Networks - IA-DL)|S-3(Industry Demo Detecting Vehicles in Videos Optional),431687 Introduction,Y33N7_oxLw8,431687 Introduction,unlisted,PLMCuzyPpc7o6tWRveG5mjohxeF0IRB0ZI,ML & AI |Course 5(AI-2)|M-3(Convolutional Neural Networks - IA-DL)|S-3(Industry Demo Detecting Vehicles in Videos Optional),29
5,ML & AI |Course 5(AI-2)|M-3(Convolutional Neural Networks - IA-DL)|S-3(Industry Demo Detecting Vehicles in Videos Optional),431688 The problem statement,gxAVHRsqqi0,431688 The problem statement,unlisted,PLMCuzyPpc7o6tWRveG5mjohxeF0IRB0ZI,ML & AI |Course 5(AI-2)|M-3(Convolutional Neural Networks - IA-DL)|S-3(Industry Demo Detecting Vehicles in Videos Optional),29
5,ML & AI |Course 5(AI-2)|M-3(Convolutional Neural Networks - IA-DL)|S-3(Industry Demo Detecting Vehicles in Videos Optional),431689 Installing OpenCV 1,KDM61R_Sttw,431689 Installing OpenCV 1,unlisted,PLMCuzyPpc7o6tWRveG5mjohxeF0IRB0ZI,ML & AI |Course 5(AI-2)|M-3(Convolutional Neural Networks - IA-DL)|S-3(Industry Demo Detecting Vehicles in Videos Optional),29
5,ML & AI |Course 5(AI-2)|M-3(Convolutional Neural Networks - IA-DL)|S-3(Industry Demo Detecting Vehicles in Videos Optional),431689 Installing OpenCV 2,vckfaxG0nOk,431689 Installing OpenCV 2,unlisted,PLMCuzyPpc7o6tWRveG5mjohxeF0IRB0ZI,ML & AI |Course 5(AI-2)|M-3(Convolutional Neural Networks - IA-DL)|S-3(Industry Demo Detecting Vehicles in Videos Optional),29
5,ML & AI |Course 5(AI-2)|M-3(Convolutional Neural Networks - IA-DL)|S-3(Industry Demo Detecting Vehicles in Videos Optional),431690 Getting Started with OpenCV I 1,SIKaIwk902c,431690 Getting Started with OpenCV I 1,unlisted,PLMCuzyPpc7o6tWRveG5mjohxeF0IRB0ZI,ML & AI |Course 5(AI-2)|M-3(Convolutional Neural Networks - IA-DL)|S-3(Industry Demo Detecting Vehicles in Videos Optional),29
5,ML & AI |Course 5(AI-2)|M-3(Convolutional Neural Networks - IA-DL)|S-3(Industry Demo Detecting Vehicles in Videos Optional),431690 Getting Started with OpenCV I 2,LtoCJIvsE1A,431690 Getting Started with OpenCV I 2,unlisted,PLMCuzyPpc7o6tWRveG5mjohxeF0IRB0ZI,ML & AI |Course 5(AI-2)|M-3(Convolutional Neural Networks - IA-DL)|S-3(Industry Demo Detecting Vehicles in Videos Optional),29
5,ML & AI |Course 5(AI-2)|M-3(Convolutional Neural Networks - IA-DL)|S-3(Industry Demo Detecting Vehicles in Videos Optional),431690 Getting Started with OpenCV I 3,6wcbUtC8w8g,431690 Getting Started with OpenCV I 3,unlisted,PLMCuzyPpc7o6tWRveG5mjohxeF0IRB0ZI,ML & AI |Course 5(AI-2)|M-3(Convolutional Neural Networks - IA-DL)|S-3(Industry Demo Detecting Vehicles in Videos Optional),29
5,ML & AI |Course 5(AI-2)|M-3(Convolutional Neural Networks - IA-DL)|S-3(Industry Demo Detecting Vehicles in Videos Optional),431691 Getting Started with OpenCV II 1,JldawxclnqA,431691 Getting Started with OpenCV II 1,unlisted,PLMCuzyPpc7o6tWRveG5mjohxeF0IRB0ZI,ML & AI |Course 5(AI-2)|M-3(Convolutional Neural Networks - IA-DL)|S-3(Industry Demo Detecting Vehicles in Videos Optional),29
5,ML & AI |Course 5(AI-2)|M-3(Convolutional Neural Networks - IA-DL)|S-3(Industry Demo Detecting Vehicles in Videos Optional),431691 Getting Started with OpenCV II 2,Jq7ODsZmt4k,431691 Getting Started with OpenCV II 2,unlisted,PLMCuzyPpc7o6tWRveG5mjohxeF0IRB0ZI,ML & AI |Course 5(AI-2)|M-3(Convolutional Neural Networks - IA-DL)|S-3(Industry Demo Detecting Vehicles in Videos Optional),29
5,ML & AI |Course 5(AI-2)|M-3(Convolutional Neural Networks - IA-DL)|S-3(Industry Demo Detecting Vehicles in Videos Optional),431692 Getting Started with OpenCV III 1,9et9u_a-Pfo,431692 Getting Started with OpenCV III 1,unlisted,PLMCuzyPpc7o6tWRveG5mjohxeF0IRB0ZI,ML & AI |Course 5(AI-2)|M-3(Convolutional Neural Networks - IA-DL)|S-3(Industry Demo Detecting Vehicles in Videos Optional),29
5,ML & AI |Course 5(AI-2)|M-3(Convolutional Neural Networks - IA-DL)|S-3(Industry Demo Detecting Vehicles in Videos Optional),431692 Getting Started with OpenCV III 2,8P4zOYXe-Mw,431692 Getting Started with OpenCV III 2,unlisted,PLMCuzyPpc7o6tWRveG5mjohxeF0IRB0ZI,ML & AI |Course 5(AI-2)|M-3(Convolutional Neural Networks - IA-DL)|S-3(Industry Demo Detecting Vehicles in Videos Optional),29
5,ML & AI |Course 5(AI-2)|M-3(Convolutional Neural Networks - IA-DL)|S-3(Industry Demo Detecting Vehicles in Videos Optional),431693 Detecting object in Video 1,R54zhRjimbw,431693 Detecting object in Video 1,unlisted,PLMCuzyPpc7o6tWRveG5mjohxeF0IRB0ZI,ML & AI |Course 5(AI-2)|M-3(Convolutional Neural Networks - IA-DL)|S-3(Industry Demo Detecting Vehicles in Videos Optional),29
5,ML & AI |Course 5(AI-2)|M-3(Convolutional Neural Networks - IA-DL)|S-3(Industry Demo Detecting Vehicles in Videos Optional),431693 Detecting object in Video 2,lKvXYZAlIF4,431693 Detecting object in Video 2,unlisted,PLMCuzyPpc7o6tWRveG5mjohxeF0IRB0ZI,ML & AI |Course 5(AI-2)|M-3(Convolutional Neural Networks - IA-DL)|S-3(Industry Demo Detecting Vehicles in Videos Optional),29
5,ML & AI |Course 5(AI-2)|M-3(Convolutional Neural Networks - IA-DL)|S-3(Industry Demo Detecting Vehicles in Videos Optional),431693 Detecting object in Video 3,vI7uBnKUCdQ,431693 Detecting object in Video 3,unlisted,PLMCuzyPpc7o6tWRveG5mjohxeF0IRB0ZI,ML & AI |Course 5(AI-2)|M-3(Convolutional Neural Networks - IA-DL)|S-3(Industry Demo Detecting Vehicles in Videos Optional),29
5,ML & AI |Course 5(AI-2)|M-3(Convolutional Neural Networks - IA-DL)|S-3(Industry Demo Detecting Vehicles in Videos Optional),431694 Examining Data in OpenCV 1,3qSKM6TdZUU,431694 Examining Data in OpenCV 1,unlisted,PLMCuzyPpc7o6tWRveG5mjohxeF0IRB0ZI,ML & AI |Course 5(AI-2)|M-3(Convolutional Neural Networks - IA-DL)|S-3(Industry Demo Detecting Vehicles in Videos Optional),29
5,ML & AI |Course 5(AI-2)|M-3(Convolutional Neural Networks - IA-DL)|S-3(Industry Demo Detecting Vehicles in Videos Optional),431694 Examining Data in OpenCV 2,M-DOVmgMxAs,431694 Examining Data in OpenCV 2,unlisted,PLMCuzyPpc7o6tWRveG5mjohxeF0IRB0ZI,ML & AI |Course 5(AI-2)|M-3(Convolutional Neural Networks - IA-DL)|S-3(Industry Demo Detecting Vehicles in Videos Optional),29
5,ML & AI |Course 5(AI-2)|M-3(Convolutional Neural Networks - IA-DL)|S-3(Industry Demo Detecting Vehicles in Videos Optional),431695 Overall Strategy,bTJfzc3Pbxg,431695 Overall Strategy,unlisted,PLMCuzyPpc7o6tWRveG5mjohxeF0IRB0ZI,ML & AI |Course 5(AI-2)|M-3(Convolutional Neural Networks - IA-DL)|S-3(Industry Demo Detecting Vehicles in Videos Optional),29
5,ML & AI |Course 5(AI-2)|M-3(Convolutional Neural Networks - IA-DL)|S-3(Industry Demo Detecting Vehicles in Videos Optional),431696 Reading Video and Drawing line 1,HQJztSXZvlM,431696 Reading Video and Drawing line 1,unlisted,PLMCuzyPpc7o6tWRveG5mjohxeF0IRB0ZI,ML & AI |Course 5(AI-2)|M-3(Convolutional Neural Networks - IA-DL)|S-3(Industry Demo Detecting Vehicles in Videos Optional),29
5,ML & AI |Course 5(AI-2)|M-3(Convolutional Neural Networks - IA-DL)|S-3(Industry Demo Detecting Vehicles in Videos Optional),431696 Reading Video and Drawing line 2,mIoqD2YgW4s,431696 Reading Video and Drawing line 2,unlisted,PLMCuzyPpc7o6tWRveG5mjohxeF0IRB0ZI,ML & AI |Course 5(AI-2)|M-3(Convolutional Neural Networks - IA-DL)|S-3(Industry Demo Detecting Vehicles in Videos Optional),29
5,ML & AI |Course 5(AI-2)|M-3(Convolutional Neural Networks - IA-DL)|S-3(Industry Demo Detecting Vehicles in Videos Optional),431696 Reading Video and Drawing line 3,233wwlbr1bo,431696 Reading Video and Drawing line 3,unlisted,PLMCuzyPpc7o6tWRveG5mjohxeF0IRB0ZI,ML & AI |Course 5(AI-2)|M-3(Convolutional Neural Networks - IA-DL)|S-3(Industry Demo Detecting Vehicles in Videos Optional),29
5,ML & AI |Course 5(AI-2)|M-3(Convolutional Neural Networks - IA-DL)|S-3(Industry Demo Detecting Vehicles in Videos Optional),431697 Pre processing Frames I 1,kXfQGB5ZbPo,431697 Pre processing Frames I 1,unlisted,PLMCuzyPpc7o6tWRveG5mjohxeF0IRB0ZI,ML & AI |Course 5(AI-2)|M-3(Convolutional Neural Networks - IA-DL)|S-3(Industry Demo Detecting Vehicles in Videos Optional),29
5,ML & AI |Course 5(AI-2)|M-3(Convolutional Neural Networks - IA-DL)|S-3(Industry Demo Detecting Vehicles in Videos Optional),431697 Pre processing Frames I 2,D9A1Ge6mzMk,431697 Pre processing Frames I 2,unlisted,PLMCuzyPpc7o6tWRveG5mjohxeF0IRB0ZI,ML & AI |Course 5(AI-2)|M-3(Convolutional Neural Networks - IA-DL)|S-3(Industry Demo Detecting Vehicles in Videos Optional),29
5,ML & AI |Course 5(AI-2)|M-3(Convolutional Neural Networks - IA-DL)|S-3(Industry Demo Detecting Vehicles in Videos Optional),431698 Pre processing Frames II 1,oO5ZRvYlcPo,431698 Pre processing Frames II 1,unlisted,PLMCuzyPpc7o6tWRveG5mjohxeF0IRB0ZI,ML & AI |Course 5(AI-2)|M-3(Convolutional Neural Networks - IA-DL)|S-3(Industry Demo Detecting Vehicles in Videos Optional),29
5,ML & AI |Course 5(AI-2)|M-3(Convolutional Neural Networks - IA-DL)|S-3(Industry Demo Detecting Vehicles in Videos Optional),431698 Pre processing Frames II 2,58WMXOUV-G8,431698 Pre processing Frames II 2,unlisted,PLMCuzyPpc7o6tWRveG5mjohxeF0IRB0ZI,ML & AI |Course 5(AI-2)|M-3(Convolutional Neural Networks - IA-DL)|S-3(Industry Demo Detecting Vehicles in Videos Optional),29
5,ML & AI |Course 5(AI-2)|M-3(Convolutional Neural Networks - IA-DL)|S-3(Industry Demo Detecting Vehicles in Videos Optional),431699 Image Segmentation using Contours 1,aX7Yc57yqBw,431699 Image Segmentation using Contours 1,unlisted,PLMCuzyPpc7o6tWRveG5mjohxeF0IRB0ZI,ML & AI |Course 5(AI-2)|M-3(Convolutional Neural Networks - IA-DL)|S-3(Industry Demo Detecting Vehicles in Videos Optional),29
5,ML & AI |Course 5(AI-2)|M-3(Convolutional Neural Networks - IA-DL)|S-3(Industry Demo Detecting Vehicles in Videos Optional),431699 Image Segmentation using Contours 2,5PpZaAqVrWU,431699 Image Segmentation using Contours 2,unlisted,PLMCuzyPpc7o6tWRveG5mjohxeF0IRB0ZI,ML & AI |Course 5(AI-2)|M-3(Convolutional Neural Networks - IA-DL)|S-3(Industry Demo Detecting Vehicles in Videos Optional),29
5,ML & AI |Course 5(AI-2)|M-3(Convolutional Neural Networks - IA-DL)|S-3(Industry Demo Detecting Vehicles in Videos Optional),431700 Blobs and Hulls 1,M_7ZTvBwz5I,431700 Blobs and Hulls 1,unlisted,PLMCuzyPpc7o6tWRveG5mjohxeF0IRB0ZI,ML & AI |Course 5(AI-2)|M-3(Convolutional Neural Networks - IA-DL)|S-3(Industry Demo Detecting Vehicles in Videos Optional),29
5,ML & AI |Course 5(AI-2)|M-3(Convolutional Neural Networks - IA-DL)|S-3(Industry Demo Detecting Vehicles in Videos Optional),431700 Blobs and Hulls 2,ffMmQBQss6s,431700 Blobs and Hulls 2,unlisted,PLMCuzyPpc7o6tWRveG5mjohxeF0IRB0ZI,ML & AI |Course 5(AI-2)|M-3(Convolutional Neural Networks - IA-DL)|S-3(Industry Demo Detecting Vehicles in Videos Optional),29
5,ML & AI |Course 5(AI-2)|M-3(Convolutional Neural Networks - IA-DL)|S-3(Industry Demo Detecting Vehicles in Videos Optional),431700 Blobs and Hulls 3,weve_Oihu4g,431700 Blobs and Hulls 3,unlisted,PLMCuzyPpc7o6tWRveG5mjohxeF0IRB0ZI,ML & AI |Course 5(AI-2)|M-3(Convolutional Neural Networks - IA-DL)|S-3(Industry Demo Detecting Vehicles in Videos Optional),29
5,ML & AI |Course 5(AI-2)|M-3(Convolutional Neural Networks - IA-DL)|S-4(Industry Demo Object Tracking),431704 Tracking pseudo code I 1,6m2scPaZ61Y,431704 Tracking pseudo code I 1,unlisted,PLMCuzyPpc7o4t-gT7E1J1HT2J7r-WiE-q,ML & AI |Course 5(AI-2)|M-3(Convolutional Neural Networks - IA-DL)|S-4(Industry Demo Object Tracking),14
5,ML & AI |Course 5(AI-2)|M-3(Convolutional Neural Networks - IA-DL)|S-4(Industry Demo Object Tracking),431704 Tracking pseudo code I 2,JTFipyAAU0I,431704 Tracking pseudo code I 2,unlisted,PLMCuzyPpc7o4t-gT7E1J1HT2J7r-WiE-q,ML & AI |Course 5(AI-2)|M-3(Convolutional Neural Networks - IA-DL)|S-4(Industry Demo Object Tracking),14
5,ML & AI |Course 5(AI-2)|M-3(Convolutional Neural Networks - IA-DL)|S-4(Industry Demo Object Tracking),431704 Tracking pseudo code I 3,TPIjLN22cIA,431704 Tracking pseudo code I 3,unlisted,PLMCuzyPpc7o4t-gT7E1J1HT2J7r-WiE-q,ML & AI |Course 5(AI-2)|M-3(Convolutional Neural Networks - IA-DL)|S-4(Industry Demo Object Tracking),14
5,ML & AI |Course 5(AI-2)|M-3(Convolutional Neural Networks - IA-DL)|S-4(Industry Demo Object Tracking),431705 Tracking pseudo code II 1,TbDjadWXFQY,431705 Tracking pseudo code II 1,unlisted,PLMCuzyPpc7o4t-gT7E1J1HT2J7r-WiE-q,ML & AI |Course 5(AI-2)|M-3(Convolutional Neural Networks - IA-DL)|S-4(Industry Demo Object Tracking),14
5,ML & AI |Course 5(AI-2)|M-3(Convolutional Neural Networks - IA-DL)|S-4(Industry Demo Object Tracking),431705 Tracking pseudo code II 2,2XfsgkvzmBM,431705 Tracking pseudo code II 2,unlisted,PLMCuzyPpc7o4t-gT7E1J1HT2J7r-WiE-q,ML & AI |Course 5(AI-2)|M-3(Convolutional Neural Networks - IA-DL)|S-4(Industry Demo Object Tracking),14
5,ML & AI |Course 5(AI-2)|M-3(Convolutional Neural Networks - IA-DL)|S-4(Industry Demo Object Tracking),431706 Predicting next position of blob 1,XBN_oni-N7c,431706 Predicting next position of blob 1,unlisted,PLMCuzyPpc7o4t-gT7E1J1HT2J7r-WiE-q,ML & AI |Course 5(AI-2)|M-3(Convolutional Neural Networks - IA-DL)|S-4(Industry Demo Object Tracking),14
5,ML & AI |Course 5(AI-2)|M-3(Convolutional Neural Networks - IA-DL)|S-4(Industry Demo Object Tracking),431706 Predicting next position of blob 2,lOvLYrIS_gE,431706 Predicting next position of blob 2,unlisted,PLMCuzyPpc7o4t-gT7E1J1HT2J7r-WiE-q,ML & AI |Course 5(AI-2)|M-3(Convolutional Neural Networks - IA-DL)|S-4(Industry Demo Object Tracking),14
5,ML & AI |Course 5(AI-2)|M-3(Convolutional Neural Networks - IA-DL)|S-4(Industry Demo Object Tracking),431707 Tracking Blobs 1,nF2JrePpoeU,431707 Tracking Blobs 1,unlisted,PLMCuzyPpc7o4t-gT7E1J1HT2J7r-WiE-q,ML & AI |Course 5(AI-2)|M-3(Convolutional Neural Networks - IA-DL)|S-4(Industry Demo Object Tracking),14
5,ML & AI |Course 5(AI-2)|M-3(Convolutional Neural Networks - IA-DL)|S-4(Industry Demo Object Tracking),431707 Tracking Blobs 2,JajWLNhZZjw,431707 Tracking Blobs 2,unlisted,PLMCuzyPpc7o4t-gT7E1J1HT2J7r-WiE-q,ML & AI |Course 5(AI-2)|M-3(Convolutional Neural Networks - IA-DL)|S-4(Industry Demo Object Tracking),14
5,ML & AI |Course 5(AI-2)|M-3(Convolutional Neural Networks - IA-DL)|S-4(Industry Demo Object Tracking),431707 Tracking Blobs 3,N6xPxX_swqE,431707 Tracking Blobs 3,unlisted,PLMCuzyPpc7o4t-gT7E1J1HT2J7r-WiE-q,ML & AI |Course 5(AI-2)|M-3(Convolutional Neural Networks - IA-DL)|S-4(Industry Demo Object Tracking),14
5,ML & AI |Course 5(AI-2)|M-3(Convolutional Neural Networks - IA-DL)|S-4(Industry Demo Object Tracking),431708 Saving Blobs 1,zj84z01kNwc,431708 Saving Blobs 1,unlisted,PLMCuzyPpc7o4t-gT7E1J1HT2J7r-WiE-q,ML & AI |Course 5(AI-2)|M-3(Convolutional Neural Networks - IA-DL)|S-4(Industry Demo Object Tracking),14
5,ML & AI |Course 5(AI-2)|M-3(Convolutional Neural Networks - IA-DL)|S-4(Industry Demo Object Tracking),431708 Saving Blobs 2,2xDt552mwO0,431708 Saving Blobs 2,unlisted,PLMCuzyPpc7o4t-gT7E1J1HT2J7r-WiE-q,ML & AI |Course 5(AI-2)|M-3(Convolutional Neural Networks - IA-DL)|S-4(Industry Demo Object Tracking),14
5,ML & AI |Course 5(AI-2)|M-3(Convolutional Neural Networks - IA-DL)|S-4(Industry Demo Object Tracking),431708 Saving Blobs 3,73pgBiLxynk,431708 Saving Blobs 3,unlisted,PLMCuzyPpc7o4t-gT7E1J1HT2J7r-WiE-q,ML & AI |Course 5(AI-2)|M-3(Convolutional Neural Networks - IA-DL)|S-4(Industry Demo Object Tracking),14
5,ML & AI |Course 5(AI-2)|M-3(Convolutional Neural Networks - IA-DL)|S-4(Industry Demo Object Tracking),431709 Summary,RoTBwLMz--Y,431709 Summary,unlisted,PLMCuzyPpc7o4t-gT7E1J1HT2J7r-WiE-q,ML & AI |Course 5(AI-2)|M-3(Convolutional Neural Networks - IA-DL)|S-4(Industry Demo Object Tracking),14
5,ML & AI |Course 5(AI-2)|M-3(Convolutional Neural Networks - IA-DL)|S-5(Industry Demo Classifying Vehicles Using CNNs),431712 Preparing Data for Training 1,_bQsXLPES7I,431712 Preparing Data for Training 1,unlisted,PLMCuzyPpc7o6F23wzw4TmByZrVnjJtVyZ,ML & AI |Course 5(AI-2)|M-3(Convolutional Neural Networks - IA-DL)|S-5(Industry Demo Classifying Vehicles Using CNNs),6
5,ML & AI |Course 5(AI-2)|M-3(Convolutional Neural Networks - IA-DL)|S-5(Industry Demo Classifying Vehicles Using CNNs),431712 Preparing Data for Training 2,_SeLQ7Iyh9A,431712 Preparing Data for Training 2,unlisted,PLMCuzyPpc7o6F23wzw4TmByZrVnjJtVyZ,ML & AI |Course 5(AI-2)|M-3(Convolutional Neural Networks - IA-DL)|S-5(Industry Demo Classifying Vehicles Using CNNs),6
5,ML & AI |Course 5(AI-2)|M-3(Convolutional Neural Networks - IA-DL)|S-5(Industry Demo Classifying Vehicles Using CNNs),431713 Running the Training Code 1,tUUU11c8PbM,431713 Running the Training Code 1,unlisted,PLMCuzyPpc7o6F23wzw4TmByZrVnjJtVyZ,ML & AI |Course 5(AI-2)|M-3(Convolutional Neural Networks - IA-DL)|S-5(Industry Demo Classifying Vehicles Using CNNs),6
5,ML & AI |Course 5(AI-2)|M-3(Convolutional Neural Networks - IA-DL)|S-5(Industry Demo Classifying Vehicles Using CNNs),431713 Running the Training Code 2,yKtiTR3Ysfw,431713 Running the Training Code 2,unlisted,PLMCuzyPpc7o6F23wzw4TmByZrVnjJtVyZ,ML & AI |Course 5(AI-2)|M-3(Convolutional Neural Networks - IA-DL)|S-5(Industry Demo Classifying Vehicles Using CNNs),6
5,ML & AI |Course 5(AI-2)|M-3(Convolutional Neural Networks - IA-DL)|S-5(Industry Demo Classifying Vehicles Using CNNs),431714 Visualising Predictions 1,rnuHWAzjByc,431714 Visualising Predictions 1,unlisted,PLMCuzyPpc7o6F23wzw4TmByZrVnjJtVyZ,ML & AI |Course 5(AI-2)|M-3(Convolutional Neural Networks - IA-DL)|S-5(Industry Demo Classifying Vehicles Using CNNs),6
5,ML & AI |Course 5(AI-2)|M-3(Convolutional Neural Networks - IA-DL)|S-5(Industry Demo Classifying Vehicles Using CNNs),431714 Visualising Predictions 2,ymMBeoJbcTk,431714 Visualising Predictions 2,unlisted,PLMCuzyPpc7o6F23wzw4TmByZrVnjJtVyZ,ML & AI |Course 5(AI-2)|M-3(Convolutional Neural Networks - IA-DL)|S-5(Industry Demo Classifying Vehicles Using CNNs),6
5,ML & AI |Course 5(AI-2)|M-4(Recurrent Neural Networks-DL)|S-1(What Makes a Neural Network Recurrent),431618 What are Sequences 1,nk3JDI2abSw,431618 What are Sequences 1,unlisted,PLMCuzyPpc7o4b8NljjJOGmA1YJRe-Czd0,ML & AI |Course 5(AI-2)|M-4(Recurrent Neural Networks-DL)|S-1(What Makes a Neural Network Recurrent),12
5,ML & AI |Course 5(AI-2)|M-4(Recurrent Neural Networks-DL)|S-1(What Makes a Neural Network Recurrent),431618 What are Sequences 2,LTrjgr1X3iE,431618 What are Sequences 2,unlisted,PLMCuzyPpc7o4b8NljjJOGmA1YJRe-Czd0,ML & AI |Course 5(AI-2)|M-4(Recurrent Neural Networks-DL)|S-1(What Makes a Neural Network Recurrent),12
5,ML & AI |Course 5(AI-2)|M-4(Recurrent Neural Networks-DL)|S-1(What Makes a Neural Network Recurrent),431619 What Makes the Network Recurrent 1,Os5COwMcoVk,431619 What Makes the Network Recurrent 1,unlisted,PLMCuzyPpc7o4b8NljjJOGmA1YJRe-Czd0,ML & AI |Course 5(AI-2)|M-4(Recurrent Neural Networks-DL)|S-1(What Makes a Neural Network Recurrent),12
5,ML & AI |Course 5(AI-2)|M-4(Recurrent Neural Networks-DL)|S-1(What Makes a Neural Network Recurrent),431619 What Makes the Network Recurrent 2,T1nSvdAF-uU,431619 What Makes the Network Recurrent 2,unlisted,PLMCuzyPpc7o4b8NljjJOGmA1YJRe-Czd0,ML & AI |Course 5(AI-2)|M-4(Recurrent Neural Networks-DL)|S-1(What Makes a Neural Network Recurrent),12
5,ML & AI |Course 5(AI-2)|M-4(Recurrent Neural Networks-DL)|S-1(What Makes a Neural Network Recurrent),431620 Architecture of an RNN,a4zMx8sALw4,431620 Architecture of an RNN,unlisted,PLMCuzyPpc7o4b8NljjJOGmA1YJRe-Czd0,ML & AI |Course 5(AI-2)|M-4(Recurrent Neural Networks-DL)|S-1(What Makes a Neural Network Recurrent),12
5,ML & AI |Course 5(AI-2)|M-4(Recurrent Neural Networks-DL)|S-1(What Makes a Neural Network Recurrent),431621 Feeding Sequences to RNNs 1,tXEh_9d-Oac,431621 Feeding Sequences to RNNs 1,unlisted,PLMCuzyPpc7o4b8NljjJOGmA1YJRe-Czd0,ML & AI |Course 5(AI-2)|M-4(Recurrent Neural Networks-DL)|S-1(What Makes a Neural Network Recurrent),12
5,ML & AI |Course 5(AI-2)|M-4(Recurrent Neural Networks-DL)|S-1(What Makes a Neural Network Recurrent),431621 Feeding Sequences to RNNs 2,WsjmDVYnt-k,431621 Feeding Sequences to RNNs 2,unlisted,PLMCuzyPpc7o4b8NljjJOGmA1YJRe-Czd0,ML & AI |Course 5(AI-2)|M-4(Recurrent Neural Networks-DL)|S-1(What Makes a Neural Network Recurrent),12
5,ML & AI |Course 5(AI-2)|M-4(Recurrent Neural Networks-DL)|S-1(What Makes a Neural Network Recurrent),431623 Types of RNNs I 1,yOk7y_7_U0A,431623 Types of RNNs I 1,unlisted,PLMCuzyPpc7o4b8NljjJOGmA1YJRe-Czd0,ML & AI |Course 5(AI-2)|M-4(Recurrent Neural Networks-DL)|S-1(What Makes a Neural Network Recurrent),12
5,ML & AI |Course 5(AI-2)|M-4(Recurrent Neural Networks-DL)|S-1(What Makes a Neural Network Recurrent),431623 Types of RNNs I 1,WwuHmzbuDGc,431623 Types of RNNs I 1,unlisted,PLMCuzyPpc7o4b8NljjJOGmA1YJRe-Czd0,ML & AI |Course 5(AI-2)|M-4(Recurrent Neural Networks-DL)|S-1(What Makes a Neural Network Recurrent),12
5,ML & AI |Course 5(AI-2)|M-4(Recurrent Neural Networks-DL)|S-1(What Makes a Neural Network Recurrent),431623 Types of RNNs I 2,EysLY-hF7IA,431623 Types of RNNs I 2,unlisted,PLMCuzyPpc7o4b8NljjJOGmA1YJRe-Czd0,ML & AI |Course 5(AI-2)|M-4(Recurrent Neural Networks-DL)|S-1(What Makes a Neural Network Recurrent),12
5,ML & AI |Course 5(AI-2)|M-4(Recurrent Neural Networks-DL)|S-1(What Makes a Neural Network Recurrent),431624 Training RNNs,DmABKM6pMuE,431624 Training RNNs,unlisted,PLMCuzyPpc7o4b8NljjJOGmA1YJRe-Czd0,ML & AI |Course 5(AI-2)|M-4(Recurrent Neural Networks-DL)|S-1(What Makes a Neural Network Recurrent),12
5,ML & AI |Course 5(AI-2)|M-4(Recurrent Neural Networks-DL)|S-1(What Makes a Neural Network Recurrent),431625 Types of RNNs II,uUlHWQO3lDc,431625 Types of RNNs II,unlisted,PLMCuzyPpc7o4b8NljjJOGmA1YJRe-Czd0,ML & AI |Course 5(AI-2)|M-4(Recurrent Neural Networks-DL)|S-1(What Makes a Neural Network Recurrent),12
5,ML & AI |Course 5(AI-2)|M-4(Recurrent Neural Networks-DL)|S-2(Variants of RNNs),431630 Bidirectional RNNs 1,VKLjgQMevTE,431630 Bidirectional RNNs 1,unlisted,PLMCuzyPpc7o6shhgj2-gib26MYY8EQG4A,ML & AI |Course 5(AI-2)|M-4(Recurrent Neural Networks-DL)|S-2(Variants of RNNs),10
5,ML & AI |Course 5(AI-2)|M-4(Recurrent Neural Networks-DL)|S-2(Variants of RNNs),431630 Bidirectional RNNs 2,vJ0juE_QbqE,431630 Bidirectional RNNs 2,unlisted,PLMCuzyPpc7o6shhgj2-gib26MYY8EQG4A,ML & AI |Course 5(AI-2)|M-4(Recurrent Neural Networks-DL)|S-2(Variants of RNNs),10
5,ML & AI |Course 5(AI-2)|M-4(Recurrent Neural Networks-DL)|S-2(Variants of RNNs),431631 Long Short term Memory Networks 1,9ovXJtNWeVg,431631 Long Short term Memory Networks 1,unlisted,PLMCuzyPpc7o6shhgj2-gib26MYY8EQG4A,ML & AI |Course 5(AI-2)|M-4(Recurrent Neural Networks-DL)|S-2(Variants of RNNs),10
5,ML & AI |Course 5(AI-2)|M-4(Recurrent Neural Networks-DL)|S-2(Variants of RNNs),431631 Long Short term Memory Networks 2,53sGteKuToY,431631 Long Short term Memory Networks 2,unlisted,PLMCuzyPpc7o6shhgj2-gib26MYY8EQG4A,ML & AI |Course 5(AI-2)|M-4(Recurrent Neural Networks-DL)|S-2(Variants of RNNs),10
5,ML & AI |Course 5(AI-2)|M-4(Recurrent Neural Networks-DL)|S-2(Variants of RNNs),431632 Characteristics of an LSTM Cell 1,WDeXCfsrSQo,431632 Characteristics of an LSTM Cell 1,unlisted,PLMCuzyPpc7o6shhgj2-gib26MYY8EQG4A,ML & AI |Course 5(AI-2)|M-4(Recurrent Neural Networks-DL)|S-2(Variants of RNNs),10
5,ML & AI |Course 5(AI-2)|M-4(Recurrent Neural Networks-DL)|S-2(Variants of RNNs),431632 Characteristics of an LSTM Cell 2,_DSqts9Li1k,431632 Characteristics of an LSTM Cell 2,unlisted,PLMCuzyPpc7o6shhgj2-gib26MYY8EQG4A,ML & AI |Course 5(AI-2)|M-4(Recurrent Neural Networks-DL)|S-2(Variants of RNNs),10
5,ML & AI |Course 5(AI-2)|M-4(Recurrent Neural Networks-DL)|S-2(Variants of RNNs),431633 Structure of an LSTM Cell 1,nTg3TyDPd0Y,431633 Structure of an LSTM Cell 1,unlisted,PLMCuzyPpc7o6shhgj2-gib26MYY8EQG4A,ML & AI |Course 5(AI-2)|M-4(Recurrent Neural Networks-DL)|S-2(Variants of RNNs),10
5,ML & AI |Course 5(AI-2)|M-4(Recurrent Neural Networks-DL)|S-2(Variants of RNNs),431633 Structure of an LSTM Cell 2,a1L3n2dN3D4,431633 Structure of an LSTM Cell 2,unlisted,PLMCuzyPpc7o6shhgj2-gib26MYY8EQG4A,ML & AI |Course 5(AI-2)|M-4(Recurrent Neural Networks-DL)|S-2(Variants of RNNs),10
5,ML & AI |Course 5(AI-2)|M-4(Recurrent Neural Networks-DL)|S-2(Variants of RNNs),431634 LSTM Network Feedforward Equations,YjLONljXAYI,431634 LSTM Network Feedforward Equations,unlisted,PLMCuzyPpc7o6shhgj2-gib26MYY8EQG4A,ML & AI |Course 5(AI-2)|M-4(Recurrent Neural Networks-DL)|S-2(Variants of RNNs),10
5,ML & AI |Course 5(AI-2)|M-4(Recurrent Neural Networks-DL)|S-2(Variants of RNNs),431635 GRUs and Other Variants,Qv8pD3x5XeU,431635 GRUs and Other Variants,unlisted,PLMCuzyPpc7o6shhgj2-gib26MYY8EQG4A,ML & AI |Course 5(AI-2)|M-4(Recurrent Neural Networks-DL)|S-2(Variants of RNNs),10
5,ML & AI |Course 5(AI-2)|M-4(Recurrent Neural Networks-DL)|S-3(Building RNNs in Python),431639 POS Tagging Using RNN I 1,8eEGTCetElo,431639 POS Tagging Using RNN I 1,unlisted,PLMCuzyPpc7o7GgXvmyxlUI4lryI8vIyJn,ML & AI |Course 5(AI-2)|M-4(Recurrent Neural Networks-DL)|S-3(Building RNNs in Python),20
5,ML & AI |Course 5(AI-2)|M-4(Recurrent Neural Networks-DL)|S-3(Building RNNs in Python),431639 POS Tagging Using RNN I 2,FknK92a6Hac,431639 POS Tagging Using RNN I 2,unlisted,PLMCuzyPpc7o7GgXvmyxlUI4lryI8vIyJn,ML & AI |Course 5(AI-2)|M-4(Recurrent Neural Networks-DL)|S-3(Building RNNs in Python),20
5,ML & AI |Course 5(AI-2)|M-4(Recurrent Neural Networks-DL)|S-3(Building RNNs in Python),431639 POS Tagging Using RNN I 3,SMGEmGjs4Zo,431639 POS Tagging Using RNN I 3,unlisted,PLMCuzyPpc7o7GgXvmyxlUI4lryI8vIyJn,ML & AI |Course 5(AI-2)|M-4(Recurrent Neural Networks-DL)|S-3(Building RNNs in Python),20
5,ML & AI |Course 5(AI-2)|M-4(Recurrent Neural Networks-DL)|S-3(Building RNNs in Python),431640 POS Tagging Using RNN II 1,ArpBRpAHXbg,431640 POS Tagging Using RNN II 1,unlisted,PLMCuzyPpc7o7GgXvmyxlUI4lryI8vIyJn,ML & AI |Course 5(AI-2)|M-4(Recurrent Neural Networks-DL)|S-3(Building RNNs in Python),20
5,ML & AI |Course 5(AI-2)|M-4(Recurrent Neural Networks-DL)|S-3(Building RNNs in Python),431640 POS Tagging Using RNN II 2,74GdYzAsNww,431640 POS Tagging Using RNN II 2,unlisted,PLMCuzyPpc7o7GgXvmyxlUI4lryI8vIyJn,ML & AI |Course 5(AI-2)|M-4(Recurrent Neural Networks-DL)|S-3(Building RNNs in Python),20
5,ML & AI |Course 5(AI-2)|M-4(Recurrent Neural Networks-DL)|S-3(Building RNNs in Python),431640 POS Tagging Using RNN II 3,dR8rcvfPO28,431640 POS Tagging Using RNN II 3,unlisted,PLMCuzyPpc7o7GgXvmyxlUI4lryI8vIyJn,ML & AI |Course 5(AI-2)|M-4(Recurrent Neural Networks-DL)|S-3(Building RNNs in Python),20
5,ML & AI |Course 5(AI-2)|M-4(Recurrent Neural Networks-DL)|S-3(Building RNNs in Python),431641 POS Tagging Using RNN III 1,sAqTwv6m3tY,431641 POS Tagging Using RNN III 1,unlisted,PLMCuzyPpc7o7GgXvmyxlUI4lryI8vIyJn,ML & AI |Course 5(AI-2)|M-4(Recurrent Neural Networks-DL)|S-3(Building RNNs in Python),20
5,ML & AI |Course 5(AI-2)|M-4(Recurrent Neural Networks-DL)|S-3(Building RNNs in Python),431641 POS Tagging Using RNN III 2,x6T2KHfy67Y,431641 POS Tagging Using RNN III 2,unlisted,PLMCuzyPpc7o7GgXvmyxlUI4lryI8vIyJn,ML & AI |Course 5(AI-2)|M-4(Recurrent Neural Networks-DL)|S-3(Building RNNs in Python),20
5,ML & AI |Course 5(AI-2)|M-4(Recurrent Neural Networks-DL)|S-3(Building RNNs in Python),431641 POS Tagging Using RNN III 3,QQjEU-bMek8,431641 POS Tagging Using RNN III 3,unlisted,PLMCuzyPpc7o7GgXvmyxlUI4lryI8vIyJn,ML & AI |Course 5(AI-2)|M-4(Recurrent Neural Networks-DL)|S-3(Building RNNs in Python),20
5,ML & AI |Course 5(AI-2)|M-4(Recurrent Neural Networks-DL)|S-3(Building RNNs in Python),431642 POS Tagging Using RNN IV 1,RTvSMW8Q9KU,431642 POS Tagging Using RNN IV 1,unlisted,PLMCuzyPpc7o7GgXvmyxlUI4lryI8vIyJn,ML & AI |Course 5(AI-2)|M-4(Recurrent Neural Networks-DL)|S-3(Building RNNs in Python),20
5,ML & AI |Course 5(AI-2)|M-4(Recurrent Neural Networks-DL)|S-3(Building RNNs in Python),431642 POS Tagging Using RNN IV 2,53K6uYr4bJ4,431642 POS Tagging Using RNN IV 2,unlisted,PLMCuzyPpc7o7GgXvmyxlUI4lryI8vIyJn,ML & AI |Course 5(AI-2)|M-4(Recurrent Neural Networks-DL)|S-3(Building RNNs in Python),20
5,ML & AI |Course 5(AI-2)|M-4(Recurrent Neural Networks-DL)|S-3(Building RNNs in Python),431642 POS Tagging Using RNN IV 3,5FvWxk6YWWY,431642 POS Tagging Using RNN IV 3,unlisted,PLMCuzyPpc7o7GgXvmyxlUI4lryI8vIyJn,ML & AI |Course 5(AI-2)|M-4(Recurrent Neural Networks-DL)|S-3(Building RNNs in Python),20
5,ML & AI |Course 5(AI-2)|M-4(Recurrent Neural Networks-DL)|S-3(Building RNNs in Python),431643 POS Tagging Using RNN V,IFYfxIrkfVs,431643 POS Tagging Using RNN V,unlisted,PLMCuzyPpc7o7GgXvmyxlUI4lryI8vIyJn,ML & AI |Course 5(AI-2)|M-4(Recurrent Neural Networks-DL)|S-3(Building RNNs in Python),20
5,ML & AI |Course 5(AI-2)|M-4(Recurrent Neural Networks-DL)|S-3(Building RNNs in Python),431644 Generating C Code I 1,LCpotUdarMA,431644 Generating C Code I 1,unlisted,PLMCuzyPpc7o7GgXvmyxlUI4lryI8vIyJn,ML & AI |Course 5(AI-2)|M-4(Recurrent Neural Networks-DL)|S-3(Building RNNs in Python),20
5,ML & AI |Course 5(AI-2)|M-4(Recurrent Neural Networks-DL)|S-3(Building RNNs in Python),431644 Generating C Code I 2,vhSNL-17Ntg,431644 Generating C Code I 2,unlisted,PLMCuzyPpc7o7GgXvmyxlUI4lryI8vIyJn,ML & AI |Course 5(AI-2)|M-4(Recurrent Neural Networks-DL)|S-3(Building RNNs in Python),20
5,ML & AI |Course 5(AI-2)|M-4(Recurrent Neural Networks-DL)|S-3(Building RNNs in Python),431645 Generating C Code II 1,iQZffiLZHQ8,431645 Generating C Code II 1,unlisted,PLMCuzyPpc7o7GgXvmyxlUI4lryI8vIyJn,ML & AI |Course 5(AI-2)|M-4(Recurrent Neural Networks-DL)|S-3(Building RNNs in Python),20
5,ML & AI |Course 5(AI-2)|M-4(Recurrent Neural Networks-DL)|S-3(Building RNNs in Python),431645 Generating C Code II 2,Zlt_IiITcP8,431645 Generating C Code II 2,unlisted,PLMCuzyPpc7o7GgXvmyxlUI4lryI8vIyJn,ML & AI |Course 5(AI-2)|M-4(Recurrent Neural Networks-DL)|S-3(Building RNNs in Python),20
5,ML & AI |Course 5(AI-2)|M-4(Recurrent Neural Networks-DL)|S-3(Building RNNs in Python),431645 Generating C Code II 3,_x4zDyWVtt0,431645 Generating C Code II 3,unlisted,PLMCuzyPpc7o7GgXvmyxlUI4lryI8vIyJn,ML & AI |Course 5(AI-2)|M-4(Recurrent Neural Networks-DL)|S-3(Building RNNs in Python),20
5,ML & AI |Course 5(AI-2)|M-4(Recurrent Neural Networks-DL)|S-3(Building RNNs in Python),431646 Generating C Code III 1,IjN1g_OMco8,431646 Generating C Code III 1,unlisted,PLMCuzyPpc7o7GgXvmyxlUI4lryI8vIyJn,ML & AI |Course 5(AI-2)|M-4(Recurrent Neural Networks-DL)|S-3(Building RNNs in Python),20
5,ML & AI |Course 5(AI-2)|M-4(Recurrent Neural Networks-DL)|S-3(Building RNNs in Python),431646 Generating C Code III 2,GPDNqSS6SY4,431646 Generating C Code III 2,unlisted,PLMCuzyPpc7o7GgXvmyxlUI4lryI8vIyJn,ML & AI |Course 5(AI-2)|M-4(Recurrent Neural Networks-DL)|S-3(Building RNNs in Python),20
5,ML & AI |Course 5(AI-2)|M-4(Recurrent Neural Networks-DL)|S-4(1D Convolutions),431652 Understanding the Problem Statement 1,1ivsLzrko9c,431652 Understanding the Problem Statement 1,unlisted,PLMCuzyPpc7o7sd0SBjeg0ZlMk8TL8XklX,ML & AI |Course 5(AI-2)|M-4(Recurrent Neural Networks-DL)|S-4(1D Convolutions),16
5,ML & AI |Course 5(AI-2)|M-4(Recurrent Neural Networks-DL)|S-4(1D Convolutions),431652 Understanding the Problem Statement 2,GOfMz7xRHiY,431652 Understanding the Problem Statement 2,unlisted,PLMCuzyPpc7o7sd0SBjeg0ZlMk8TL8XklX,ML & AI |Course 5(AI-2)|M-4(Recurrent Neural Networks-DL)|S-4(1D Convolutions),16
5,ML & AI |Course 5(AI-2)|M-4(Recurrent Neural Networks-DL)|S-4(1D Convolutions),431652 Understanding the Problem Statement 3,HlCU_RGiK2A,431652 Understanding the Problem Statement 3,unlisted,PLMCuzyPpc7o7sd0SBjeg0ZlMk8TL8XklX,ML & AI |Course 5(AI-2)|M-4(Recurrent Neural Networks-DL)|S-4(1D Convolutions),16
5,ML & AI |Course 5(AI-2)|M-4(Recurrent Neural Networks-DL)|S-4(1D Convolutions),431653 Preparing Data 1,5qHFY9gj5Xc,431653 Preparing Data 1,unlisted,PLMCuzyPpc7o7sd0SBjeg0ZlMk8TL8XklX,ML & AI |Course 5(AI-2)|M-4(Recurrent Neural Networks-DL)|S-4(1D Convolutions),16
5,ML & AI |Course 5(AI-2)|M-4(Recurrent Neural Networks-DL)|S-4(1D Convolutions),431653 Preparing Data 2,33GVtB2X6og,431653 Preparing Data 2,unlisted,PLMCuzyPpc7o7sd0SBjeg0ZlMk8TL8XklX,ML & AI |Course 5(AI-2)|M-4(Recurrent Neural Networks-DL)|S-4(1D Convolutions),16
5,ML & AI |Course 5(AI-2)|M-4(Recurrent Neural Networks-DL)|S-4(1D Convolutions),431653 Preparing Data 3,0DOwc1iNXKI,431653 Preparing Data 3,unlisted,PLMCuzyPpc7o7sd0SBjeg0ZlMk8TL8XklX,ML & AI |Course 5(AI-2)|M-4(Recurrent Neural Networks-DL)|S-4(1D Convolutions),16
5,ML & AI |Course 5(AI-2)|M-4(Recurrent Neural Networks-DL)|S-4(1D Convolutions),431654 Preprocessing the Data 1,osZo91oZABM,431654 Preprocessing the Data 1,unlisted,PLMCuzyPpc7o7sd0SBjeg0ZlMk8TL8XklX,ML & AI |Course 5(AI-2)|M-4(Recurrent Neural Networks-DL)|S-4(1D Convolutions),16
5,ML & AI |Course 5(AI-2)|M-4(Recurrent Neural Networks-DL)|S-4(1D Convolutions),431654 Preprocessing the Data 2,Jx2AHqb-284,431654 Preprocessing the Data 2,unlisted,PLMCuzyPpc7o7sd0SBjeg0ZlMk8TL8XklX,ML & AI |Course 5(AI-2)|M-4(Recurrent Neural Networks-DL)|S-4(1D Convolutions),16
5,ML & AI |Course 5(AI-2)|M-4(Recurrent Neural Networks-DL)|S-4(1D Convolutions),431654 Preprocessing the Data 3,I0iyvSK1q8c,431654 Preprocessing the Data 3,unlisted,PLMCuzyPpc7o7sd0SBjeg0ZlMk8TL8XklX,ML & AI |Course 5(AI-2)|M-4(Recurrent Neural Networks-DL)|S-4(1D Convolutions),16
5,ML & AI |Course 5(AI-2)|M-4(Recurrent Neural Networks-DL)|S-4(1D Convolutions),431654 Preprocessing the Data 3,24O0ehzeZuE,431654 Preprocessing the Data 3,unlisted,PLMCuzyPpc7o7sd0SBjeg0ZlMk8TL8XklX,ML & AI |Course 5(AI-2)|M-4(Recurrent Neural Networks-DL)|S-4(1D Convolutions),16
5,ML & AI |Course 5(AI-2)|M-4(Recurrent Neural Networks-DL)|S-4(1D Convolutions),431655 Preparing Sequences,N0rOCjlRBaY,431655 Preparing Sequences,unlisted,PLMCuzyPpc7o7sd0SBjeg0ZlMk8TL8XklX,ML & AI |Course 5(AI-2)|M-4(Recurrent Neural Networks-DL)|S-4(1D Convolutions),16
5,ML & AI |Course 5(AI-2)|M-4(Recurrent Neural Networks-DL)|S-4(1D Convolutions),431656 1D Convolution and RNN 1,Jchb6pq04MI,431656 1D Convolution and RNN 1,unlisted,PLMCuzyPpc7o7sd0SBjeg0ZlMk8TL8XklX,ML & AI |Course 5(AI-2)|M-4(Recurrent Neural Networks-DL)|S-4(1D Convolutions),16
5,ML & AI |Course 5(AI-2)|M-4(Recurrent Neural Networks-DL)|S-4(1D Convolutions),431656 1D Convolution and RNN 2,XeFTjeuqenU,431656 1D Convolution and RNN 2,unlisted,PLMCuzyPpc7o7sd0SBjeg0ZlMk8TL8XklX,ML & AI |Course 5(AI-2)|M-4(Recurrent Neural Networks-DL)|S-4(1D Convolutions),16
5,ML & AI |Course 5(AI-2)|M-4(Recurrent Neural Networks-DL)|S-4(1D Convolutions),431657 Train the model 1,mdi7mN_FDkQ,431657 Train the model 1,unlisted,PLMCuzyPpc7o7sd0SBjeg0ZlMk8TL8XklX,ML & AI |Course 5(AI-2)|M-4(Recurrent Neural Networks-DL)|S-4(1D Convolutions),16
5,ML & AI |Course 5(AI-2)|M-4(Recurrent Neural Networks-DL)|S-4(1D Convolutions),431657 Train the model 2,c87bJxPaHr8,431657 Train the model 2,unlisted,PLMCuzyPpc7o7sd0SBjeg0ZlMk8TL8XklX,ML & AI |Course 5(AI-2)|M-4(Recurrent Neural Networks-DL)|S-4(1D Convolutions),16
5,ML & AI |Course 5(AI-2)|M-4(Recurrent Neural Networks-DL)|S-4(1D Convolutions),431658 Summary,jNUUIffHCJ4,431658 Summary,unlisted,PLMCuzyPpc7o7sd0SBjeg0ZlMk8TL8XklX,ML & AI |Course 5(AI-2)|M-4(Recurrent Neural Networks-DL)|S-4(1D Convolutions),16
5,ML & AI |Course 5(AI-2)|M-4(Recurrent Neural Networks-DL)|S-5(Additional Resources),431661 Feedforward Operation in RNNs,Fe4OPeU5Pxk,431661 Feedforward Operation in RNNs,unlisted,PLMCuzyPpc7o75QWN3dLNkNHQfSLJNRV7e,ML & AI |Course 5(AI-2)|M-4(Recurrent Neural Networks-DL)|S-5(Additional Resources),8
5,ML & AI |Course 5(AI-2)|M-4(Recurrent Neural Networks-DL)|S-5(Additional Resources),431662 Backpropagation Through Time BPTT 1,eh7AMGS32jU,431662 Backpropagation Through Time BPTT 1,unlisted,PLMCuzyPpc7o75QWN3dLNkNHQfSLJNRV7e,ML & AI |Course 5(AI-2)|M-4(Recurrent Neural Networks-DL)|S-5(Additional Resources),8
5,ML & AI |Course 5(AI-2)|M-4(Recurrent Neural Networks-DL)|S-5(Additional Resources),431662 Backpropagation Through Time BPTT 2,0Xzjm9YY8sI,431662 Backpropagation Through Time BPTT 2,unlisted,PLMCuzyPpc7o75QWN3dLNkNHQfSLJNRV7e,ML & AI |Course 5(AI-2)|M-4(Recurrent Neural Networks-DL)|S-5(Additional Resources),8
5,ML & AI |Course 5(AI-2)|M-4(Recurrent Neural Networks-DL)|S-5(Additional Resources),431662 Backpropagation Through Time BPTT 3,PJXcFvNeJD0,431662 Backpropagation Through Time BPTT 3,unlisted,PLMCuzyPpc7o75QWN3dLNkNHQfSLJNRV7e,ML & AI |Course 5(AI-2)|M-4(Recurrent Neural Networks-DL)|S-5(Additional Resources),8
5,ML & AI |Course 5(AI-2)|M-4(Recurrent Neural Networks-DL)|S-5(Additional Resources),431663 Vanishing and Exploding Gradients 1,svS0bK6ythg,431663 Vanishing and Exploding Gradients 1,unlisted,PLMCuzyPpc7o75QWN3dLNkNHQfSLJNRV7e,ML & AI |Course 5(AI-2)|M-4(Recurrent Neural Networks-DL)|S-5(Additional Resources),8
5,ML & AI |Course 5(AI-2)|M-4(Recurrent Neural Networks-DL)|S-5(Additional Resources),431663 Vanishing and Exploding Gradients 2,JD3HjORJyqg,431663 Vanishing and Exploding Gradients 2,unlisted,PLMCuzyPpc7o75QWN3dLNkNHQfSLJNRV7e,ML & AI |Course 5(AI-2)|M-4(Recurrent Neural Networks-DL)|S-5(Additional Resources),8
5,ML & AI |Course 5(AI-2)|M-4(Recurrent Neural Networks-DL)|S-5(Additional Resources),431664 Word Embeddings 1,Dg103uJDurE,431664 Word Embeddings 1,unlisted,PLMCuzyPpc7o75QWN3dLNkNHQfSLJNRV7e,ML & AI |Course 5(AI-2)|M-4(Recurrent Neural Networks-DL)|S-5(Additional Resources),8
5,ML & AI |Course 5(AI-2)|M-4(Recurrent Neural Networks-DL)|S-5(Additional Resources),431664 Word Embeddings 2,61M76fr-RjI,431664 Word Embeddings 2,unlisted,PLMCuzyPpc7o75QWN3dLNkNHQfSLJNRV7e,ML & AI |Course 5(AI-2)|M-4(Recurrent Neural Networks-DL)|S-5(Additional Resources),8
5,ML & AI |Course 5(AI-2)|M-5(Neural Networks Project Gesture Recognition-DL),431603 Problem Statement 1,H7DT8c8XmyQ,431603 Problem Statement 1,unlisted,PLMCuzyPpc7o7pfXj-feIRVU4vwVIsO8hi,ML & AI |Course 5(AI-2)|M-5(Neural Networks Project Gesture Recognition-DL),9
5,ML & AI |Course 5(AI-2)|M-5(Neural Networks Project Gesture Recognition-DL),431603 Problem Statement 2,bjg7Yv8nyhQ,431603 Problem Statement 2,unlisted,PLMCuzyPpc7o7pfXj-feIRVU4vwVIsO8hi,ML & AI |Course 5(AI-2)|M-5(Neural Networks Project Gesture Recognition-DL),9
5,ML & AI |Course 5(AI-2)|M-5(Neural Networks Project Gesture Recognition-DL),431603 Problem Statement 3,C5PStAPGktY,431603 Problem Statement 3,unlisted,PLMCuzyPpc7o7pfXj-feIRVU4vwVIsO8hi,ML & AI |Course 5(AI-2)|M-5(Neural Networks Project Gesture Recognition-DL),9
5,ML & AI |Course 5(AI-2)|M-5(Neural Networks Project Gesture Recognition-DL),431604 Two Architectures 3D Convs and CNN RNN Stack 1,9ApVB9ovbiM,431604 Two Architectures 3D Convs and CNN RNN Stack 1,unlisted,PLMCuzyPpc7o7pfXj-feIRVU4vwVIsO8hi,ML & AI |Course 5(AI-2)|M-5(Neural Networks Project Gesture Recognition-DL),9
5,ML & AI |Course 5(AI-2)|M-5(Neural Networks Project Gesture Recognition-DL),431604 Two Architectures 3D Convs and CNN RNN Stack 2,alEUUvYTWfM,431604 Two Architectures 3D Convs and CNN RNN Stack 2,unlisted,PLMCuzyPpc7o7pfXj-feIRVU4vwVIsO8hi,ML & AI |Course 5(AI-2)|M-5(Neural Networks Project Gesture Recognition-DL),9
5,ML & AI |Course 5(AI-2)|M-5(Neural Networks Project Gesture Recognition-DL),431605 Understanding Generators,gaWTU4OAYqc,431605 Understanding Generators,unlisted,PLMCuzyPpc7o7pfXj-feIRVU4vwVIsO8hi,ML & AI |Course 5(AI-2)|M-5(Neural Networks Project Gesture Recognition-DL),9
5,ML & AI |Course 5(AI-2)|M-5(Neural Networks Project Gesture Recognition-DL),431606 Starter Code Walkthrough 1,Ug1ffw6Cv3A,431606 Starter Code Walkthrough 1,unlisted,PLMCuzyPpc7o7pfXj-feIRVU4vwVIsO8hi,ML & AI |Course 5(AI-2)|M-5(Neural Networks Project Gesture Recognition-DL),9
5,ML & AI |Course 5(AI-2)|M-5(Neural Networks Project Gesture Recognition-DL),431606 Starter Code Walkthrough 2,vSlmtN4wlko,431606 Starter Code Walkthrough 2,unlisted,PLMCuzyPpc7o7pfXj-feIRVU4vwVIsO8hi,ML & AI |Course 5(AI-2)|M-5(Neural Networks Project Gesture Recognition-DL),9
5,ML & AI |Course 5(AI-2)|M-5(Neural Networks Project Gesture Recognition-DL),431606 Starter Code Walkthrough 3,3BDjlOsm1E4,431606 Starter Code Walkthrough 3,unlisted,PLMCuzyPpc7o7pfXj-feIRVU4vwVIsO8hi,ML & AI |Course 5(AI-2)|M-5(Neural Networks Project Gesture Recognition-DL),9
